42_energy,42_index,68_energy,68_index,0_energy,0_index,27_energy,27_index,40_energy,40_index,66_energy,66_index,57_energy,57_index,83_energy,83_index,55_energy,55_index,81_energy,81_index,54_energy,54_index,53_energy,53_index,80_energy,80_index,70_energy,70_index,96_energy,96_index,69_energy,69_index,95_energy,95_index,84_energy,84_index,110_energy,110_index
58.39083373879655,1.0,115.22487094093697,23.0,999999999.0,56.0,45.280261421125786,102.0,77.13654561454915,154.0,137.60149486872993,170.0,77.33417434305984,539.0,144.98512066508127,278.0,87.40426219868976,346.0,150.8419521698258,359.0,67.30393448724972,821.0,96.7467156566071,825.0,131.11012383620724,860.0,124.39719094348966,984.0,187.06612756883592,998.0,106.5963557498554,1160.0,140.9297398467404,1197.0,117.88866064586873,2258.0,155.67704588601754,1891
59.99331735039662,2.0,117.34419257059876,24.0,999999999.0,75.0,48.268581162424624,101.0,83.80169028463541,155.0,143.06597626854645,160.0,89.63178003855599,540.0,146.84596235110027,549.0,98.6277280985076,344.0,155.42545379137522,607.0,87.1164236258642,822.0,100.00504137254644,831.0,131.4564752182641,871.0,126.87708730403344,983.0,189.47860739434324,1000.0,107.2050217408134,1159.0,141.03026599799665,1196.0,129.43945313784891,1853.0,162.72675531165262,2275
67.2357473621715,0.0,117.55406237795016,1163.0,999999999.0,93.0,,,86.40203362399976,156.0,145.66987626796745,176.0,94.40800893561132,256.0,150.81885401531486,550.0,131.01960159140924,348.0,155.4961492346574,363.0,,,100.4514434364084,830.0,135.17553219196904,864.0,138.29979027845107,982.0,192.2196308372376,1085.0,141.01823785413055,1507.0,144.8095922396731,1211.0,145.73321218319458,1851.0,165.371366840898,2260
80.75071124316679,4.0,123.36811858426438,15.0,999999999.0,136.0,,,112.5606223115812,157.0,147.84067409303043,159.0,95.96555975398796,257.0,155.23457247445495,282.0,133.07589735675825,347.0,160.6859051309765,608.0,,,108.93355458002944,828.0,135.62003243438224,859.0,141.2597781129839,985.0,192.40276362151667,1001.0,145.1217169342704,1158.0,148.92078008282564,1198.0,147.08091240186536,2257.0,165.53337464880397,1867
87.37951637933637,3.0,123.87003472744333,13.0,999999999.0,142.0,,,121.51541794905164,158.0,150.47713077054075,169.0,106.2051137340576,255.0,156.30431534882248,279.0,134.32144205603768,594.0,160.81229229964467,366.0,,,111.9662170282816,824.0,137.36883798116276,849.0,143.37846991533763,1071.0,193.0415009897268,1003.0,157.020367502645,1508.0,149.48754463749097,1206.0,161.61773937020988,2050.0,169.71586399997105,2268
,,123.88994504356174,14.0,999999999.0,146.0,,,,,153.0999913961038,191.0,109.82709798400036,258.0,158.73301611010905,261.0,141.58777427240068,597.0,164.1104234818999,351.0,,,112.03509138499837,839.0,143.30755052644295,890.0,158.52141685894955,1072.0,195.73840140776048,1004.0,,,149.79063164697234,1216.0,176.57199457203546,2048.0,171.77226579775294,2276
,,125.58220511625998,30.0,999999999.0,153.0,,,,,153.36047154443463,174.0,112.13646248371415,541.0,160.51992386562955,266.0,142.8924769418024,593.0,168.96409083868468,360.0,,,118.00952605033302,841.0,144.25913891542407,848.0,169.1607928730977,1070.0,202.5161575854469,992.0,,,154.53815704738662,1183.0,188.2553084485908,1852.0,174.0883172934776,1909
,,129.25131471978696,31.0,999999999.0,209.0,,,,,153.66503025806986,161.0,113.78904075630646,259.0,161.24240869005183,565.0,152.60444615606252,595.0,171.40764004852136,349.0,,,118.81934915360593,838.0,146.8268738518206,869.0,171.13327299346227,1073.0,202.84217831141612,1014.0,,,164.84796653012,1182.0,192.3455517799605,2049.0,176.20401041346693,1872
,,129.99634662714342,27.0,999999999.0,230.0,,,,,154.7953883334865,173.0,,,161.46499430527504,267.0,161.4728415259222,596.0,174.18026633381132,370.0,,,125.58248181190837,843.0,146.8342282930814,896.0,172.2671471045248,1461.0,208.6459840931544,1292.0,,,166.25784155921994,1793.0,,,179.69129997940632,1908
,,130.0062533840046,16.0,999999999.0,231.0,,,,,157.6810377632447,171.0,,,162.5933928314944,1854.0,222.07975943454957,345.0,174.38730413574785,630.0,,,128.06693037134968,823.0,147.15790460851912,892.0,172.56908763769906,1459.0,210.79362246318456,1464.0,,,168.80855609661762,1164.0,,,180.5737670437807,2269
,,130.83728229498806,29.0,999999999.0,235.0,,,,,158.12684223043567,164.0,,,163.22005240630205,551.0,,,174.9712670247288,400.0,,,128.79085247673177,826.0,151.0758817846598,891.0,181.6668935882876,1462.0,211.73489826925172,1307.0,,,170.14632255303994,1179.0,,,182.84625546297124,1890
,,135.15014036902247,68.0,999999999.0,246.0,,,,,159.15048961683408,163.0,,,163.88751066034874,552.0,,,176.14050381313942,738.0,,,128.88768964827895,844.0,151.23792780127607,897.0,181.8229522444816,1460.0,212.35477884136347,1301.0,,,172.15034091459225,1405.0,,,185.9051899799723,1866
,,135.5949569178799,28.0,999999999.0,247.0,,,,,159.88329222649506,166.0,,,166.11549210810222,260.0,,,176.79107544653996,352.0,,,131.59912414708208,840.0,152.5719523122959,895.0,196.76012104736472,986.0,212.93107596349736,1009.0,,,172.7325000709587,1174.0,,,190.85508718311004,1969
,,139.19098912497373,1161.0,999999999.0,515.0,,,,,159.99399137514672,165.0,,,166.52048675689065,299.0,,,176.95257119436866,365.0,,,132.33645114790764,829.0,156.11175710646663,908.0,200.05184568593057,1074.0,213.50184021276,989.0,,,172.76487065764655,1794.0,,,192.06009938151135,2363
,,139.37456167592393,12.0,999999999.0,531.0,,,,,164.0165579806591,187.0,,,166.8800766580418,1856.0,,,178.71973293767192,361.0,,,135.55987685772473,842.0,157.00201387027752,858.0,,,213.61381558600465,1077.0,,,173.08243423535254,1210.0,,,193.3643847673128,1900
,,140.79216275423695,5.0,999999999.0,647.0,,,,,164.71914136046215,192.0,,,166.98004438446782,567.0,,,179.5948340475668,350.0,,,135.56055047181997,832.0,157.4471604694771,877.0,,,214.0269424583339,997.0,,,174.02902383818227,1188.0,,,194.5879849942505,1858
,,145.51237928487936,35.0,999999999.0,664.0,,,,,165.99757718981823,177.0,,,169.76588089775206,542.0,,,183.86879831628312,748.0,,,135.6785987596056,836.0,158.86172541269667,850.0,,,214.25980579487003,1314.0,,,174.91325573314907,1230.0,,,195.1205417021626,1899
,,148.58670468357047,6.0,999999999.0,668.0,,,,,166.37855537035227,190.0,,,169.85662746628375,454.0,,,184.35337927476508,611.0,,,135.98805627023933,837.0,159.36920139863048,856.0,,,216.2314085760921,1467.0,,,175.03309836755062,1166.0,,,195.311886756504,1860
,,149.8433877413032,112.0,999999999.0,675.0,,,,,169.4282813888242,206.0,,,170.2606108584216,561.0,,,185.0062340748229,379.0,,,139.0839783015376,827.0,160.91659805704307,884.0,,,216.40388445855984,993.0,,,175.0500126677535,1271.0,,,197.24255694977148,2285
,,150.35473407623635,55.0,999999999.0,676.0,,,,,170.33876548322576,193.0,,,170.31179026251183,470.0,,,185.21022339884635,353.0,,,143.49113125360876,851.0,162.25740856243343,855.0,,,219.6952745697013,1080.0,,,176.19094791426463,1215.0,,,197.26847213302636,2364
,,151.06790094345135,18.0,999999999.0,714.0,,,,,170.67767195837794,214.0,,,170.44017455611083,543.0,,,187.10012492867895,372.0,,,147.60757666618056,834.0,162.60609545825713,878.0,,,220.82986900850537,1015.0,,,176.41768532725453,1187.0,,,198.23405473627489,2066
,,153.2775088150861,73.0,999999999.0,717.0,,,,,171.36893041442931,205.0,,,170.67435871283354,575.0,,,187.5009773005036,612.0,,,149.1720330425059,2680.0,163.0626651599884,853.0,,,221.00966713305388,1013.0,,,177.5862874168711,1186.0,,,198.92846187029343,2002
,,153.69202237695674,71.0,999999999.0,721.0,,,,,171.49315502000857,162.0,,,171.08423424367328,462.0,,,187.7012416297217,382.0,,,152.94569926742514,835.0,164.1864411600165,882.0,,,221.34359305312063,994.0,,,179.38489765435213,1165.0,,,199.27315594195275,2291
,,154.17335323104652,33.0,999999999.0,725.0,,,,,171.5628739656319,210.0,,,172.38802658162209,548.0,,,188.82768022794164,354.0,,,164.754687581589,845.0,165.1144284740606,854.0,,,221.4574767040716,1094.0,,,179.6387897851823,1282.0,,,199.9049823662682,1917
,,154.2046827771623,1162.0,999999999.0,798.0,,,,,172.24259957948414,183.0,,,172.7009035996511,321.0,,,189.4915516893707,616.0,,,165.95272967436242,898.0,165.4852623858303,952.0,,,222.24663963540263,1483.0,,,181.53727540309413,1257.0,,,200.04392293278303,1904
,,154.44642191069403,21.0,999999999.0,866.0,,,,,172.5472934385785,185.0,,,173.92053120680998,566.0,,,189.70958696573132,736.0,,,167.64747631518009,868.0,165.64610173920423,953.0,,,222.41037035486525,990.0,,,181.7765988761983,1190.0,,,200.1368128353484,1868
,,154.45446578898012,111.0,999999999.0,867.0,,,,,175.41041594326805,182.0,,,174.52316099475917,290.0,,,190.5441259429009,613.0,,,170.2122146377933,888.0,168.733913178445,905.0,,,222.842835765406,1091.0,,,181.8099787922475,1393.0,,,202.0129250780736,1873
,,155.51058858063436,50.0,999999999.0,872.0,,,,,176.5533825546647,194.0,,,175.79179795207597,291.0,,,192.0081644964565,614.0,,,170.49164981929005,911.0,169.04626228935768,950.0,,,223.17048761712323,1561.0,,,182.60454535136824,1651.0,,,203.04436924871115,1859
,,156.75911693408273,26.0,999999999.0,893.0,,,,,177.49660698303478,184.0,,,176.52447968591392,292.0,,,192.0196798803618,384.0,,,171.68033748379875,847.0,170.3749790033518,949.0,,,223.3128076968168,1078.0,,,182.72751698242624,1223.0,,,203.16558868432244,1881
,,156.85018183696045,37.0,999999999.0,894.0,,,,,177.74903909491948,186.0,,,176.56304001352103,322.0,,,192.02856208033307,600.0,,,174.906175738296,889.0,170.3921436812313,942.0,,,223.6757675450034,1120.0,,,182.9174048084712,1281.0,,,203.23889890053536,1979
,,157.25689475317867,41.0,999999999.0,899.0,,,,,178.780419461536,179.0,,,177.0293785575965,283.0,,,192.13142778312127,751.0,,,176.09318787731456,887.0,173.8297222975918,930.0,,,223.86083327170343,987.0,,,184.42166459349136,1789.0,,,204.907627226636,2259
,,157.3889557444012,110.0,999999999.0,901.0,,,,,179.34314388588078,215.0,,,177.1929290495949,269.0,,,192.36059497037277,381.0,,,176.27672557389155,846.0,174.01024849576373,941.0,,,223.90206414294215,1093.0,,,185.15112351734095,1407.0,,,204.9595391768497,2362
,,158.26102033065442,19.0,999999999.0,917.0,,,,,186.17071640443152,178.0,,,177.51990107047024,458.0,,,193.243809824569,750.0,,,185.70395039420336,900.0,174.62620758422457,907.0,,,226.316684534216,1297.0,,,185.52992591873385,1226.0,,,205.0237408132524,1993
,,158.29027029453846,72.0,999999999.0,925.0,,,,,188.16277317323835,216.0,,,178.17202285908456,463.0,,,193.33106878204924,358.0,,,186.2196584838235,912.0,175.31024925644942,865.0,,,226.88522870563256,1037.0,,,185.6702153294055,1221.0,,,206.26662402119192,2287
,,159.04620424589822,10.0,999999999.0,926.0,,,,,189.9981169750781,168.0,,,179.95579094619242,286.0,,,193.7477681208763,599.0,,,192.6402137625556,874.0,176.9624983484986,863.0,,,226.93560242137684,1315.0,,,185.98166485337964,1233.0,,,207.17108952137383,2289
,,159.30467816703518,8.0,999999999.0,929.0,,,,,190.78266854440437,167.0,,,180.37477903924025,545.0,,,194.31576074428915,643.0,,,192.85639443736764,833.0,177.2204272448708,956.0,,,227.87414219852388,991.0,,,186.5736010713756,1218.0,,,207.33898646006415,2053
,,160.75966961168666,25.0,999999999.0,932.0,,,,,191.0593032246121,180.0,,,182.0424053692567,270.0,,,194.77652559452596,644.0,,,193.56608716122165,913.0,177.7431633344717,876.0,,,228.09383644014355,1016.0,,,186.8303289012323,1800.0,,,207.60125527310484,2278
,,161.92530417254565,109.0,999999999.0,976.0,,,,,191.15338831564543,197.0,,,182.8304665616781,285.0,,,194.91378773487048,726.0,,,216.66957662741345,933.0,179.14207202415517,875.0,,,228.16053002036068,1109.0,,,187.08455179387985,1175.0,,,208.30791286146865,2261
,,162.04449286828577,43.0,999999999.0,1061.0,,,,,191.31811292898877,217.0,,,182.9347899006064,320.0,,,194.94531747066804,601.0,,,229.9342257348569,852.0,179.90361308535603,862.0,,,228.76894689520796,1104.0,,,187.85426403154943,1212.0,,,208.586166387282,2069
,,162.1073514502877,34.0,999999999.0,1152.0,,,,,192.49691120757475,213.0,,,183.07945666425172,583.0,,,195.1380424859049,733.0,,,281.876528137086,886.0,180.3987262607168,965.0,,,229.0751936717702,1032.0,,,188.07212614145757,1189.0,,,208.63761011567743,2301
,,162.5089431500497,84.0,999999999.0,1249.0,,,,,194.830863514917,236.0,,,183.48083093785573,553.0,,,195.15666735662424,598.0,,,282.86806609607737,940.0,180.66750852434333,943.0,,,229.1077640560724,1463.0,,,189.2562421888289,1826.0,,,209.51165207268943,2283
,,163.90222296233608,32.0,999999999.0,1256.0,,,,,196.8187478834917,188.0,,,183.7702485603783,281.0,,,196.5019229464448,615.0,,,374.86787283536216,873.0,181.1754134570877,879.0,,,230.08664100866173,1011.0,,,189.5704387634556,1180.0,,,210.0640433134253,2067
,,165.31474932819333,7.0,999999999.0,1491.0,,,,,197.01409058423965,200.0,,,184.45376760979264,546.0,,,196.5925235308524,355.0,,,,,181.6594892775263,959.0,,,230.8100995335417,1012.0,,,189.7717498655516,1415.0,,,211.07163019484724,2348
,,168.11274834501927,42.0,999999999.0,1500.0,,,,,198.88756547917467,196.0,,,184.4799907133311,1855.0,,,197.2262107817707,377.0,,,,,182.10859968200108,961.0,,,231.261645165924,1086.0,,,190.83573551422543,1408.0,,,212.9246167056228,2361
,,168.19292445479846,74.0,999999999.0,1502.0,,,,,200.06681444481876,199.0,,,184.5242707956965,468.0,,,197.76940545255897,405.0,,,,,183.44130554519975,870.0,,,231.54345128068647,1089.0,,,191.1941040888273,1185.0,,,213.00147264383293,2468
,,168.32307601265384,103.0,999999999.0,1504.0,,,,,203.5846588518524,195.0,,,184.5826508894422,507.0,,,198.19922179741124,373.0,,,,,184.1139465237712,960.0,,,231.6017706646495,1076.0,,,191.7975947157021,1207.0,,,213.05589683131268,1914
,,168.97435663651157,79.0,999999999.0,1544.0,,,,,206.75050648045985,181.0,,,184.66628753833507,264.0,,,198.209092556808,628.0,,,,,184.46235808422173,861.0,,,231.77427506345936,1007.0,,,192.2636974763048,1785.0,,,213.4740009734172,1905
,,169.71603639865006,122.0,999999999.0,1545.0,,,,,208.0790896842429,237.0,,,184.72129002911663,453.0,,,199.48030563053263,378.0,,,,,186.6721428809815,902.0,,,231.9162833870227,1304.0,,,192.3550038133072,1397.0,,,214.0593645528392,1885
,,169.72092074503811,104.0,999999999.0,1617.0,,,,,208.1459697760379,222.0,,,185.09056747047111,327.0,,,200.1552551866253,368.0,,,,,187.0026380190292,954.0,,,232.24361158488864,1709.0,,,192.49191022904293,1272.0,,,214.1814696919435,1889
,,171.11196855663528,22.0,999999999.0,1692.0,,,,,209.93925017534025,207.0,,,185.10816575218828,274.0,,,200.33236559037172,407.0,,,,,189.57156900502503,906.0,,,232.3220797549293,1294.0,,,194.20142697569207,1410.0,,,214.87339095518485,1903
,,171.1137424662197,60.0,999999999.0,1767.0,,,,,210.64102387868124,172.0,,,185.15922131889576,459.0,,,201.00919620556687,376.0,,,,,189.82544722263663,909.0,,,232.7940740188924,1022.0,,,194.31225895241917,1217.0,,,215.34908262692423,2175
,,171.42946534864828,52.0,999999999.0,1842.0,,,,,211.14517406328952,204.0,,,185.85536480352485,284.0,,,201.58939210803845,375.0,,,,,190.6396401224137,966.0,,,233.5209271406879,1087.0,,,194.4305663470288,1192.0,,,215.45452330101176,2295
,,173.7259457417794,51.0,999999999.0,1936.0,,,,,214.9350263559024,220.0,,,186.2754495556769,469.0,,,202.00702149837832,383.0,,,,,191.7700575734073,881.0,,,233.7350895454914,1299.0,,,194.9634983185837,1385.0,,,215.8612276621328,1968
,,174.86376313481765,58.0,999999999.0,2107.0,,,,,220.52531923275563,245.0,,,186.3106302114727,461.0,,,202.6467530254468,389.0,,,,,192.4887620901086,958.0,,,233.97191881035155,1098.0,,,195.31317277356857,1200.0,,,215.8696990457705,1862
,,176.86378224715125,9.0,999999999.0,2111.0,,,,,220.79658958213076,250.0,,,187.62745820631895,277.0,,,203.09403038343171,606.0,,,,,194.127093995826,927.0,,,234.4009510248185,1711.0,,,195.60480466253645,1409.0,,,215.98464692984925,1878
,,178.148951121694,126.0,999999999.0,2532.0,,,,,221.6717723836158,226.0,,,187.84023585518943,450.0,,,203.23552548589396,755.0,,,,,194.1553900281179,951.0,,,234.4636902366986,1302.0,,,195.99087730049425,1400.0,,,216.92993329195863,2282
,,180.8564129628022,119.0,999999999.0,2574.0,,,,,224.6920433707502,234.0,,,188.3859721391807,323.0,,,204.2161993897199,627.0,,,,,195.1650550219569,955.0,,,235.8308075890569,1110.0,,,196.0679760540647,1195.0,,,217.10087454064885,2357
,,181.23544820895023,106.0,999999999.0,2614.0,,,,,226.3747953794904,229.0,,,188.41533974614492,2326.0,,,206.5974420454241,727.0,,,,,197.0999211833533,857.0,,,236.67333765551567,1470.0,,,196.252080213084,1225.0,,,217.1844459763228,1978
,,182.4767194946321,36.0,999999999.0,2674.0,,,,,228.61415860351283,175.0,,,189.13345194264696,2327.0,,,206.924034280078,609.0,,,,,198.34628057392425,957.0,,,236.89153671997795,1716.0,,,196.6393948427912,1214.0,,,217.3209985636949,2273
,,182.87507117067787,61.0,,,,,,,229.6128940246572,232.0,,,191.50453894073425,554.0,,,207.0808881799371,374.0,,,,,198.4855484179878,974.0,,,236.9752282487725,1075.0,,,198.02111022065048,1786.0,,,217.54851144255812,2317
,,183.8508445188828,100.0,,,,,,,232.3011443716249,212.0,,,191.51817576065596,265.0,,,207.6407260258316,743.0,,,,,198.50377473140304,903.0,,,237.2450668870311,1714.0,,,198.75669175238616,1193.0,,,219.59415452876857,1987
,,184.00014536228483,118.0,,,,,,,233.63730963489868,244.0,,,191.5318316529537,689.0,,,207.98096216333224,610.0,,,,,198.72176010250257,936.0,,,237.31254937336087,1323.0,,,199.58640191111533,1178.0,,,219.9405590631699,2463
,,184.4526656100562,114.0,,,,,,,234.60267710185383,208.0,,,191.9954868756556,449.0,,,208.14485806526605,737.0,,,,,200.2182567053366,964.0,,,237.78068750629276,1096.0,,,200.3056706264078,1222.0,,,220.37759418244764,1994
,,184.78559232023483,128.0,,,,,,,236.4340433619255,238.0,,,192.4710366840989,557.0,,,208.3879455714836,731.0,,,,,202.82514061725797,910.0,,,237.95361412528803,1482.0,,,200.89098260668672,1817.0,,,221.54697171719368,1877
,,185.72011601027967,127.0,,,,,,,238.43013722781487,202.0,,,192.64671837707752,467.0,,,209.12940815998851,404.0,,,,,204.21091974833823,947.0,,,238.84571761286773,1319.0,,,201.1405866449411,1394.0,,,221.683266840486,1920
,,186.24251551402625,40.0,,,,,,,241.24779902849636,228.0,,,192.8533906699488,466.0,,,209.6636099903235,602.0,,,,,207.91365665273483,963.0,,,238.9759488004621,1105.0,,,201.6774852630009,1406.0,,,221.71357007441927,2178
,,188.74349900691868,62.0,,,,,,,241.75390289617704,233.0,,,193.45281683261055,273.0,,,209.78939608973835,732.0,,,,,212.22898549108157,970.0,,,239.0358336286688,1008.0,,,202.4538208180141,1229.0,,,221.8683771769012,1857
,,189.35209362046209,39.0,,,,,,,245.11770176507048,189.0,,,193.63476964268568,295.0,,,210.586210534824,729.0,,,,,216.398035855882,885.0,,,239.0497063803338,1101.0,,,202.6616613265739,1173.0,,,221.95238378120308,1883
,,192.74554096685287,115.0,,,,,,,245.31389960546304,251.0,,,194.1420835754268,568.0,,,211.2246486745394,369.0,,,,,216.83213968676307,945.0,,,239.1829063605295,1480.0,,,203.64188850811885,1521.0,,,222.0533939147923,2281
,,193.03991055125783,17.0,,,,,,,253.1558954060234,249.0,,,194.9523009142483,544.0,,,212.4608174901784,619.0,,,,,218.91906612208072,981.0,,,239.38298675118372,1095.0,,,203.7934566126996,1404.0,,,222.39284435026423,2265
,,196.7979962335712,105.0,,,,,,,256.53244579156285,227.0,,,195.29511732330255,455.0,,,213.34496444772907,660.0,,,,,223.4900199127658,946.0,,,239.5144581450249,1326.0,,,204.22591712092247,1392.0,,,223.1351392747341,2375
,,197.47459847058812,124.0,,,,,,,257.13094302149693,218.0,,,195.3887826592044,262.0,,,215.8756524321574,629.0,,,,,224.9507804298872,883.0,,,239.5327828484388,1296.0,,,204.41260695122827,1414.0,,,223.1733188097173,2164
,,198.57599633120125,94.0,,,,,,,258.65621606355484,243.0,,,195.64710575431752,280.0,,,216.2124937026852,395.0,,,,,224.9567938168372,944.0,,,239.77821895150467,1469.0,,,205.0611894560224,1815.0,,,223.4925408782001,1893
,,200.35872963287284,38.0,,,,,,,266.5843170293579,240.0,,,196.65898521232944,448.0,,,216.88799427328675,388.0,,,,,225.900738307666,904.0,,,240.4191674940311,1303.0,,,205.16151707774156,1802.0,,,223.55731516952997,2340
,,203.44973260795533,46.0,,,,,,,266.81569876336306,239.0,,,196.781985625725,701.0,,,218.01073469888075,387.0,,,,,226.0744445208248,880.0,,,241.72422535607527,1484.0,,,205.4978020892977,1177.0,,,223.57477896319293,2456
,,203.44997268668,83.0,,,,,,,271.47356588973327,241.0,,,197.0015480603805,478.0,,,218.105039155076,426.0,,,,,230.0929663411667,962.0,,,242.00143087887483,1560.0,,,206.3092676315177,1403.0,,,223.78455051378936,1984
,,203.73309157774423,116.0,,,,,,,273.50266341490794,225.0,,,197.5144899863332,276.0,,,218.7547261372552,741.0,,,,,241.5982607869352,975.0,,,243.8404351825908,1309.0,,,206.74704394017056,1528.0,,,223.99866226019532,1997
,,204.85510793885737,90.0,,,,,,,276.09344820756826,253.0,,,198.1609906418781,460.0,,,219.23256438109527,626.0,,,,,241.7104433432525,978.0,,,244.2299143169082,1083.0,,,206.90322249962333,1391.0,,,224.1114104627172,1882
,,205.3134329468652,138.0,,,,,,,283.31468104865525,252.0,,,198.6614178946193,584.0,,,219.3536552378063,356.0,,,,,245.35455168255717,939.0,,,244.5059240230939,1100.0,,,207.4960115769489,1398.0,,,224.64451004005613,2000
,,208.3937245177389,134.0,,,,,,,306.42098617462347,198.0,,,199.4275317752765,304.0,,,220.1854367598462,422.0,,,,,251.18848471082032,948.0,,,244.74189010124368,1306.0,,,207.77795982694207,1660.0,,,224.77239350615224,2270
,,209.87427491610757,81.0,,,,,,,325.73404546804886,219.0,,,200.16270501600383,480.0,,,220.8772418565993,728.0,,,,,255.5702319104749,968.0,,,244.790171010703,1125.0,,,208.6717997437699,1399.0,,,224.9770742968356,2070
,,210.1899412457936,108.0,,,,,,,330.24730855759,254.0,,,200.6044279640237,495.0,,,221.08652918529447,623.0,,,,,256.36643809254366,924.0,,,244.957759754924,988.0,,,209.57577382108397,1798.0,,,225.2273203850764,2447
,,211.8613582366706,63.0,,,,,,,330.8227219529288,203.0,,,201.03922395845728,560.0,,,221.90795151387456,412.0,,,,,258.4421967591068,979.0,,,245.202943616575,1725.0,,,209.8765690105421,1440.0,,,225.54991787516528,2173
,,212.15348470263103,123.0,,,,,,,336.1254440575911,224.0,,,202.1018575052808,555.0,,,222.91769844435183,386.0,,,,,261.3226410238807,928.0,,,245.35195052213012,1079.0,,,210.36533841477595,1213.0,,,225.6509471669933,2293
,,212.4770218890881,107.0,,,,,,,363.9686395763525,201.0,,,202.4817074653356,263.0,,,223.07098975458936,625.0,,,,,268.7483640045591,920.0,,,245.44561531640528,1731.0,,,210.46892710691603,1219.0,,,225.82943074357564,1995
,,212.68839889698063,147.0,,,,,,,547.8888421369498,221.0,,,204.28300349652056,309.0,,,223.4377638556301,624.0,,,,,273.4560590519384,938.0,,,245.9205569199751,1479.0,,,210.51598521103355,1232.0,,,225.85715052605516,2391
,,213.4565211650481,57.0,,,,,,,712.3351080218418,223.0,,,204.423122538586,447.0,,,224.55692571993592,742.0,,,,,277.23131720568125,915.0,,,246.8322364823172,1051.0,,,211.49201921801168,1402.0,,,225.9961203662905,1977
,,213.50322311229723,59.0,,,,,,,752.0856502501749,248.0,,,204.5574778981138,563.0,,,226.42485237416895,735.0,,,,,278.3245262327571,921.0,,,247.0320764437143,1290.0,,,211.54136345870316,1439.0,,,226.10050185140716,1898
,,213.8507873590615,125.0,,,,,,,893.8590619177945,211.0,,,204.7486404590528,558.0,,,226.48221941589844,620.0,,,,,281.91966501603144,973.0,,,247.33297510519785,1293.0,,,211.85937219388904,1176.0,,,226.30333442908008,2003
,,214.19882976456944,66.0,,,,,,,284703292298.1457,242.0,,,204.86767724382327,271.0,,,228.4220608774974,416.0,,,,,288.4909404956184,935.0,,,248.22666678253472,1733.0,,,212.3445732934993,1228.0,,,226.30968738493783,2056
,,214.5443889097161,148.0,,,,,,,,,,,206.13937569986143,308.0,,,228.49850483422412,603.0,,,,,294.80094020557505,918.0,,,249.70028229954443,1047.0,,,212.7200967628425,1816.0,,,226.55003280379577,2009
,,214.5460367079641,44.0,,,,,,,,,,,206.2879318868005,444.0,,,230.01100432257047,622.0,,,,,296.32791755766885,977.0,,,249.87328606654688,1114.0,,,213.03091882948556,1825.0,,,226.59505522158176,2359
,,214.75480670036828,47.0,,,,,,,,,,,207.2173770500934,494.0,,,230.19533201746503,632.0,,,,,301.5531037823864,972.0,,,250.25433220289304,1310.0,,,213.10736098652933,1202.0,,,226.68403452266185,1902
,,215.1768835873056,117.0,,,,,,,,,,,207.2756946371682,275.0,,,230.81811717435383,621.0,,,,,313.30012308304225,931.0,,,250.42016485212903,1564.0,,,214.73214960394208,1453.0,,,226.7296137875098,2479
,,216.71351389538452,67.0,,,,,,,,,,,207.3265646007666,483.0,,,231.2082180928781,631.0,,,,,326.5400490214387,980.0,,,250.57635314513016,1121.0,,,214.8997763107316,1511.0,,,227.00062039302568,2288
,,217.08563074423893,96.0,,,,,,,,,,,207.59338678728776,272.0,,,231.22126546720463,618.0,,,,,332.16677350009167,919.0,,,251.0923432666578,1308.0,,,215.46113435733312,1661.0,,,227.07152289622204,2168
,,219.1697076009031,82.0,,,,,,,,,,,207.72665101141308,451.0,,,231.3728066303223,763.0,,,,,347.2428821602253,967.0,,,251.44407595145915,1005.0,,,215.6463089646673,1458.0,,,227.3005485251812,1869
,,219.3240046543188,131.0,,,,,,,,,,,208.1036916545509,311.0,,,231.3963442825745,777.0,,,,,359.09745347595776,922.0,,,251.48152861765848,1335.0,,,216.19634795970325,1423.0,,,227.33380520331215,2339
,,219.5036526558036,132.0,,,,,,,,,,,208.1396409455585,310.0,,,231.75084953765412,754.0,,,,,379.4273549209891,969.0,,,251.84077227601213,1081.0,,,216.83345289004515,1791.0,,,227.6775633557329,1996
,,219.9161646473356,150.0,,,,,,,,,,,208.2888524736334,316.0,,,232.1312607763892,761.0,,,,,388.540261984912,971.0,,,252.03512863595168,1042.0,,,216.93354449169183,1790.0,,,227.78650936888536,1865
,,221.56280027080032,20.0,,,,,,,,,,,208.36490446568436,464.0,,,232.3154065725123,794.0,,,,,412.0795638296399,916.0,,,252.09197162135013,1351.0,,,217.04935026432332,1169.0,,,227.8016172272345,1985
,,224.2338722394641,121.0,,,,,,,,,,,208.61848973710104,489.0,,,232.3723783169322,768.0,,,,,428.206899148533,914.0,,,252.15634307080305,1587.0,,,217.05067790508477,1531.0,,,227.81550296878723,1863
,,226.05899405518693,137.0,,,,,,,,,,,208.85510365823032,326.0,,,232.83901955220185,434.0,,,,,605.3792035048236,923.0,,,252.74525261975876,1341.0,,,217.4224750648772,1819.0,,,227.88163435782704,1910
,,226.89518094950657,130.0,,,,,,,,,,,209.07312178016653,445.0,,,233.08155893354717,364.0,,,,,666.048939242002,937.0,,,252.7864280994507,1325.0,,,217.4670890320641,1172.0,,,228.66367468141976,2400
,,227.2659878565766,89.0,,,,,,,,,,,209.49178822111656,294.0,,,233.34454782497164,417.0,,,,,9229.176400667771,934.0,,,252.8603330390152,1291.0,,,217.77906750802316,1792.0,,,229.082336236876,1986
,,231.35948165021415,80.0,,,,,,,,,,,209.59572045002855,556.0,,,233.4055088578799,787.0,,,,,,,,,253.2953553244614,1465.0,,,217.89002465344527,1194.0,,,229.1484786213411,1992
,,234.3681915302592,78.0,,,,,,,,,,,210.58529229121044,562.0,,,233.7920839865643,367.0,,,,,,,,,254.0359402790295,1018.0,,,218.47786477696803,1664.0,,,229.2342346144297,1870
,,236.2609769605913,113.0,,,,,,,,,,,211.0863514799497,587.0,,,234.25232086290453,425.0,,,,,,,,,254.1602807686068,1568.0,,,218.6863222253537,1823.0,,,230.3662344919286,2466
,,237.08702953748215,149.0,,,,,,,,,,,211.60744904578087,578.0,,,236.25163828140407,674.0,,,,,,,,,254.9823155384874,1566.0,,,219.0264852278379,1820.0,,,230.37115089631743,2001
,,237.9872698340185,139.0,,,,,,,,,,,211.93393961128064,513.0,,,236.88527868483672,760.0,,,,,,,,,254.9952745540383,1471.0,,,219.25896671774692,1512.0,,,230.73348164081992,2065
,,240.5625586796343,145.0,,,,,,,,,,,212.05539056602228,457.0,,,238.84807375111336,403.0,,,,,,,,,255.21690919819068,1552.0,,,219.6763248825197,1245.0,,,231.3580457321411,1990
,,245.78396983087003,48.0,,,,,,,,,,,212.1928593604329,573.0,,,239.5621446006097,795.0,,,,,,,,,255.83257510886577,1052.0,,,219.85685122037543,1435.0,,,231.3925447181946,2074
,,246.1677267797876,151.0,,,,,,,,,,,212.58933069873535,512.0,,,239.6620472093637,771.0,,,,,,,,,255.90933791117615,1702.0,,,219.9169083063336,1784.0,,,231.625866674451,2398
,,247.5513842575848,133.0,,,,,,,,,,,213.1724907354841,477.0,,,240.20707848937357,744.0,,,,,,,,,255.9998380964508,1370.0,,,220.76495977935443,1209.0,,,231.7679693171747,2331
,,247.56845180893103,143.0,,,,,,,,,,,213.95653713118463,268.0,,,240.41475444987253,380.0,,,,,,,,,256.39141352389987,1039.0,,,220.9193434982226,1657.0,,,232.22314679443912,2298
,,250.2645267615575,120.0,,,,,,,,,,,214.7246918413329,312.0,,,240.80786517902052,605.0,,,,,,,,,256.6214427650524,1583.0,,,221.1280033127741,1411.0,,,232.24387068794235,2329
,,253.370285943668,45.0,,,,,,,,,,,215.3982038533574,465.0,,,242.2339221272747,753.0,,,,,,,,,256.6843500311465,1295.0,,,222.1656859376124,1520.0,,,232.68176295135515,2299
,,253.64953859266515,11.0,,,,,,,,,,,215.8976153156991,517.0,,,242.54389787154517,390.0,,,,,,,,,256.7590767446525,1084.0,,,222.64357178133744,1519.0,,,233.07949793211668,2347
,,255.93973779939807,144.0,,,,,,,,,,,216.06061024974557,303.0,,,242.7783095514785,357.0,,,,,,,,,256.8959695686073,1472.0,,,223.5622721747397,1251.0,,,233.64807655570095,2179
,,257.435565496601,77.0,,,,,,,,,,,216.2372736363128,456.0,,,242.9924075878513,406.0,,,,,,,,,257.1836410772801,1313.0,,,223.6155540481577,1224.0,,,233.7212868533476,2176
,,258.7521905674738,98.0,,,,,,,,,,,218.51147313547537,484.0,,,243.92450722863325,633.0,,,,,,,,,257.2458585964743,1035.0,,,223.6931784255335,1390.0,,,233.84060058687223,2174
,,260.3400804616116,152.0,,,,,,,,,,,218.6281327166603,692.0,,,243.95418468446277,661.0,,,,,,,,,257.3868417879814,1298.0,,,223.85487230090428,1283.0,,,233.9444017449768,1894
,,270.753267986745,97.0,,,,,,,,,,,218.909860705127,2328.0,,,244.46159240786503,402.0,,,,,,,,,258.90865460637144,1099.0,,,223.88691123947453,1537.0,,,233.95268980870785,2186
,,275.6775929931812,70.0,,,,,,,,,,,219.5232310833002,473.0,,,244.8918085213164,385.0,,,,,,,,,259.1156891868317,1111.0,,,224.13877835520307,1846.0,,,234.0574826183516,2166
,,281.0683235103249,64.0,,,,,,,,,,,221.3173338517009,452.0,,,245.5852990116531,752.0,,,,,,,,,259.221431310535,1019.0,,,224.28990524146337,1644.0,,,234.25501163608988,2377
,,282.9834470829132,140.0,,,,,,,,,,,221.4524124123559,686.0,,,246.0247319160876,398.0,,,,,,,,,259.4258769254972,1712.0,,,225.1555720198999,1434.0,,,234.5299401165064,2183
,,283.9125651295634,95.0,,,,,,,,,,,222.2407042750596,691.0,,,246.40482160806835,423.0,,,,,,,,,259.71158087183227,999.0,,,225.48960191009647,1524.0,,,234.96080662491863,2177
,,284.14663258396746,86.0,,,,,,,,,,,222.27677265275452,694.0,,,246.46471722052107,730.0,,,,,,,,,259.9365052017877,1103.0,,,225.67118750038728,1510.0,,,234.96141283284544,2472
,,284.9745614469086,1220.0,,,,,,,,,,,224.889444617092,564.0,,,246.6737644616824,418.0,,,,,,,,,260.2744410943085,1106.0,,,227.2858984153301,1662.0,,,235.13775771750844,2085
,,294.52335241539134,99.0,,,,,,,,,,,225.29677690651764,521.0,,,246.8156918358955,658.0,,,,,,,,,260.32218647663564,1017.0,,,227.95593711636573,1199.0,,,235.25555847606577,2464
,,294.7239034560424,141.0,,,,,,,,,,,225.54113699017427,511.0,,,247.04703487278175,394.0,,,,,,,,,260.6350086163019,1736.0,,,227.96057836360612,1517.0,,,235.30251220560223,2373
,,300.4966932862511,88.0,,,,,,,,,,,225.9326392505067,289.0,,,248.20240456881703,439.0,,,,,,,,,260.9817410895037,1311.0,,,227.96971922781552,1663.0,,,235.324577234192,2184
,,304.6574615287539,54.0,,,,,,,,,,,226.22457001534653,333.0,,,248.49826870097476,784.0,,,,,,,,,261.56920201822743,1036.0,,,228.128291311275,1254.0,,,235.69358848513207,1965
,,307.77203616064173,76.0,,,,,,,,,,,226.5502677840724,479.0,,,248.7885874439148,747.0,,,,,,,,,261.7391899130795,1006.0,,,228.7353289510804,1806.0,,,235.7317966281888,2330
,,321.7363602300462,87.0,,,,,,,,,,,226.82426583001623,570.0,,,248.95792600769053,410.0,,,,,,,,,262.4044115256908,1574.0,,,229.06035165279977,1532.0,,,235.90909718034013,2345
,,322.27690964457787,85.0,,,,,,,,,,,227.1978897836138,482.0,,,248.9853913696887,792.0,,,,,,,,,262.6033761592991,1330.0,,,229.17795499586964,1529.0,,,236.42082606492588,2480
,,326.88089609209044,129.0,,,,,,,,,,,227.42047914751697,287.0,,,249.596270247112,371.0,,,,,,,,,262.8211192432945,1569.0,,,229.292486436948,1693.0,,,236.81752495186885,2157
,,335.1158023485693,49.0,,,,,,,,,,,227.6888395617095,687.0,,,250.1096663671773,746.0,,,,,,,,,262.9605593641441,1026.0,,,229.40442090273103,1648.0,,,236.93881802764628,2052
,,351.5515124240216,92.0,,,,,,,,,,,227.75851055240912,474.0,,,251.15717433555704,635.0,,,,,,,,,263.0855907515384,1582.0,,,229.85772065828624,1234.0,,,237.05353949171655,2511
,,362.5493109550376,65.0,,,,,,,,,,,229.4175848833088,300.0,,,251.6261529962076,396.0,,,,,,,,,263.3572284870458,1002.0,,,229.9026954416516,1818.0,,,237.2161256464128,2267
,,392.10938875919214,69.0,,,,,,,,,,,229.573926243818,315.0,,,252.2581295956338,667.0,,,,,,,,,263.4990365075023,1570.0,,,230.34575692887867,1801.0,,,237.2840665499445,2006
,,392.8882614160434,135.0,,,,,,,,,,,230.43472206581808,339.0,,,252.2904336373689,740.0,,,,,,,,,263.630526830134,1316.0,,,230.5680551065034,1250.0,,,237.57728918856867,1861
,,880.9427314746035,91.0,,,,,,,,,,,230.48354982523736,547.0,,,253.20099173888377,817.0,,,,,,,,,263.7634960415308,1497.0,,,230.65306186479745,1811.0,,,237.5786614507168,1998
,,932.2113462809656,53.0,,,,,,,,,,,230.7225384858089,324.0,,,253.57384014465876,650.0,,,,,,,,,264.02961821736426,1726.0,,,230.688815309722,1386.0,,,237.7360032666092,1884
,,,,,,,,,,,,,,231.0395685045632,683.0,,,253.9504013741234,745.0,,,,,,,,,264.3360489668756,1322.0,,,230.8674521297316,1533.0,,,238.0391142098128,2462
,,,,,,,,,,,,,,231.3286160299627,337.0,,,254.14703923872196,757.0,,,,,,,,,264.57215958390594,1327.0,,,230.9183917553062,1812.0,,,238.37035958041716,2471
,,,,,,,,,,,,,,231.8836718843037,343.0,,,254.2453436795909,767.0,,,,,,,,,264.57273493448133,1554.0,,,230.9700470741921,1805.0,,,238.48663728732,2161
,,,,,,,,,,,,,,231.98467381520285,588.0,,,254.41096765939395,807.0,,,,,,,,,264.797440448999,1108.0,,,231.20387964976183,1289.0,,,238.839818425268,1880
,,,,,,,,,,,,,,232.21559804659992,481.0,,,254.4675613015673,648.0,,,,,,,,,265.3382292637804,1708.0,,,231.44657209437187,1787.0,,,238.89766021680703,2300
,,,,,,,,,,,,,,232.93671652501567,317.0,,,255.26126922314657,781.0,,,,,,,,,265.6227902663485,1090.0,,,232.00879664203887,1171.0,,,239.70102265967716,1960
,,,,,,,,,,,,,,233.13612300221288,684.0,,,255.68251069608584,776.0,,,,,,,,,266.0355633527218,1468.0,,,232.0932777301704,1635.0,,,239.8493462498421,2167
,,,,,,,,,,,,,,233.23612076547695,288.0,,,256.8505800055865,634.0,,,,,,,,,266.4498923016689,1137.0,,,232.2123826355699,1389.0,,,239.86153134849536,2396
,,,,,,,,,,,,,,233.5117995917444,576.0,,,257.16265422697063,665.0,,,,,,,,,266.9695875736264,1136.0,,,232.84808555415705,1526.0,,,240.1792412554693,2395
,,,,,,,,,,,,,,233.6461674172152,499.0,,,257.1942979441659,758.0,,,,,,,,,267.04057826986224,1741.0,,,233.1022469743055,1513.0,,,240.75818651921924,2372
,,,,,,,,,,,,,,234.05736955496204,490.0,,,257.8571895919032,604.0,,,,,,,,,267.1944367198987,995.0,,,233.13672709363652,1845.0,,,240.81782224519276,2185
,,,,,,,,,,,,,,234.150064465726,523.0,,,259.17197368207053,655.0,,,,,,,,,267.64830552694855,1723.0,,,233.40641452209155,1655.0,,,240.8986046553276,2249
,,,,,,,,,,,,,,235.63004403672036,520.0,,,260.2875073730456,766.0,,,,,,,,,268.4808314218796,1752.0,,,233.4431007403748,1413.0,,,241.59242376353643,2169
,,,,,,,,,,,,,,236.2076985518046,491.0,,,260.76139710708776,640.0,,,,,,,,,268.6504113993019,1585.0,,,233.80543263340243,1646.0,,,242.2640904347937,2274
,,,,,,,,,,,,,,236.2364429237112,502.0,,,261.4838799893871,782.0,,,,,,,,,268.6645753377068,1704.0,,,233.99455954876976,1821.0,,,242.35162169586053,2351
,,,,,,,,,,,,,,236.80471154623933,335.0,,,261.786644292754,433.0,,,,,,,,,268.87411214785425,1027.0,,,234.02104197030167,1674.0,,,242.62184161783057,2051
,,,,,,,,,,,,,,238.7760825431464,301.0,,,261.95625849487107,764.0,,,,,,,,,268.8887118541864,1337.0,,,234.29475190835723,1814.0,,,242.70457004141088,2008
,,,,,,,,,,,,,,239.62280875153948,307.0,,,263.53904098510327,636.0,,,,,,,,,268.9386305775691,1559.0,,,234.44310777649247,1652.0,,,242.7836337072128,2518
,,,,,,,,,,,,,,239.717651472699,488.0,,,263.93416028683777,762.0,,,,,,,,,269.4176792073595,1727.0,,,234.67239715279675,1803.0,,,243.20664853345556,2090
,,,,,,,,,,,,,,240.0234145801766,471.0,,,264.0525738328458,773.0,,,,,,,,,269.9452307868036,1466.0,,,234.90923213700387,1425.0,,,243.99197427065295,2341
,,,,,,,,,,,,,,240.99989319606487,325.0,,,264.48329217532205,805.0,,,,,,,,,270.0234387454249,1102.0,,,235.2192332964148,1634.0,,,244.28081846266252,2277
,,,,,,,,,,,,,,241.3453251644437,559.0,,,264.7976601431187,669.0,,,,,,,,,270.2698621359398,1305.0,,,236.01302309384252,1457.0,,,244.45228861995244,2382
,,,,,,,,,,,,,,241.59908868751015,707.0,,,265.4772659547595,432.0,,,,,,,,,270.30865245312737,1553.0,,,236.02226727189264,1522.0,,,244.49995082178927,2515
,,,,,,,,,,,,,,245.0344729593725,500.0,,,265.5841056681622,749.0,,,,,,,,,270.3609751222206,1097.0,,,236.1371144390376,1387.0,,,244.7332046253769,2315
,,,,,,,,,,,,,,245.1180547761108,510.0,,,266.65004306428307,427.0,,,,,,,,,270.8933534841917,1113.0,,,236.23128528290383,1654.0,,,244.80093592566288,2390
,,,,,,,,,,,,,,245.52045899934103,524.0,,,267.48616181405845,772.0,,,,,,,,,271.07907529894635,1555.0,,,236.49959173554703,1665.0,,,244.960099519938,2497
,,,,,,,,,,,,,,246.10037776384743,534.0,,,267.99625739873176,770.0,,,,,,,,,271.1858188176724,1562.0,,,236.52161122352888,1509.0,,,244.99942510910836,2014
,,,,,,,,,,,,,,246.1894480971195,697.0,,,268.02881110004824,780.0,,,,,,,,,271.29876222778216,1476.0,,,236.5697072306729,1201.0,,,245.3239804681766,2566
,,,,,,,,,,,,,,246.79009596317,705.0,,,269.8954277027411,804.0,,,,,,,,,271.6258492922514,1499.0,,,237.09746063656317,1247.0,,,246.43535468301184,2271
,,,,,,,,,,,,,,247.48814861542036,685.0,,,271.6976035964253,793.0,,,,,,,,,272.2019355270719,1558.0,,,237.41190030354971,1813.0,,,246.50251295624685,1918
,,,,,,,,,,,,,,250.86175997032748,586.0,,,271.7557607193665,788.0,,,,,,,,,272.2532083290495,1010.0,,,237.62401404979187,1534.0,,,246.7370739670685,1907
,,,,,,,,,,,,,,252.04384320675348,296.0,,,274.0954536113249,796.0,,,,,,,,,272.87817830171207,1321.0,,,238.02788015362552,1788.0,,,246.8073149966652,2146
,,,,,,,,,,,,,,252.4803264129206,297.0,,,276.6491938049379,421.0,,,,,,,,,273.6969767540748,1571.0,,,238.04287472661667,1184.0,,,246.95110480651903,2182
,,,,,,,,,,,,,,252.71765867240325,722.0,,,277.16517815862045,617.0,,,,,,,,,274.2964584028723,1557.0,,,238.17035097549845,1401.0,,,247.05288092265343,2512
,,,,,,,,,,,,,,254.07363554575616,341.0,,,278.2732401544696,666.0,,,,,,,,,274.51525626008964,1572.0,,,238.20715248157435,1455.0,,,247.2250964912518,1871
,,,,,,,,,,,,,,254.08895072883212,446.0,,,278.8100594846706,646.0,,,,,,,,,274.5977252231351,1088.0,,,238.2591876831531,1837.0,,,247.4410566486523,2180
,,,,,,,,,,,,,,254.666122604608,690.0,,,282.629074982627,818.0,,,,,,,,,275.1814876740365,1563.0,,,239.08420790158328,1279.0,,,247.67717072736383,2619
,,,,,,,,,,,,,,254.7843130724116,577.0,,,284.55293741686626,808.0,,,,,,,,,275.8038873439701,1579.0,,,239.8833673522798,1673.0,,,247.8127425524756,2047
,,,,,,,,,,,,,,255.35935979814872,704.0,,,284.8633135463137,670.0,,,,,,,,,276.0772600015315,1049.0,,,239.9340639361301,1170.0,,,248.0978034736368,2147
,,,,,,,,,,,,,,256.3897389550137,708.0,,,284.9123894811226,819.0,,,,,,,,,276.1115302638654,1478.0,,,241.07874985746443,1639.0,,,248.35134983302083,2187
,,,,,,,,,,,,,,256.944431727725,706.0,,,285.32037806100146,799.0,,,,,,,,,276.29930209571654,1738.0,,,241.26778771921636,1642.0,,,248.927696478935,2457
,,,,,,,,,,,,,,258.4111913327535,700.0,,,285.68525874136566,430.0,,,,,,,,,276.8689348053013,1597.0,,,241.66204905207985,1167.0,,,249.19246306595485,1876
,,,,,,,,,,,,,,259.3712938321619,498.0,,,287.39622040168285,638.0,,,,,,,,,276.88426439254914,1720.0,,,241.8841896280243,1690.0,,,249.24377729843744,2389
,,,,,,,,,,,,,,259.596215860499,720.0,,,287.62453127725064,759.0,,,,,,,,,277.32087310455387,1756.0,,,243.26213773994448,1849.0,,,249.4323023872033,2461
,,,,,,,,,,,,,,259.8158765640369,723.0,,,287.88702991939454,678.0,,,,,,,,,277.9998187968104,1065.0,,,243.51291358357784,1527.0,,,249.53915355311463,2237
,,,,,,,,,,,,,,261.027192389247,487.0,,,287.8933734084048,801.0,,,,,,,,,278.50905667770843,1753.0,,,243.79699991036816,1670.0,,,249.80468856351484,2383
,,,,,,,,,,,,,,261.885792697626,699.0,,,287.94567043956835,399.0,,,,,,,,,278.57357301037086,1112.0,,,243.9912138867834,1422.0,,,250.36152774940007,2638
,,,,,,,,,,,,,,263.29702354671525,589.0,,,288.3928027593146,671.0,,,,,,,,,278.62820584915767,1735.0,,,244.0572437239904,1227.0,,,250.44030974150436,2193
,,,,,,,,,,,,,,265.205401719322,696.0,,,288.76804789108826,392.0,,,,,,,,,279.1259468889216,1028.0,,,244.39674239896837,1259.0,,,250.53165172213815,2639
,,,,,,,,,,,,,,265.42143474669444,682.0,,,289.50340700152805,442.0,,,,,,,,,279.14314953066486,1312.0,,,244.44279796139668,1205.0,,,250.5521415943179,2054
,,,,,,,,,,,,,,266.1027587956364,702.0,,,289.9424824477775,765.0,,,,,,,,,279.4302168075106,1576.0,,,245.35415430086812,1658.0,,,250.67178220141355,2094
,,,,,,,,,,,,,,266.4142453145417,572.0,,,290.9939130125107,783.0,,,,,,,,,279.5037567803509,1048.0,,,245.75897734753784,1396.0,,,250.91472164628715,1940
,,,,,,,,,,,,,,266.50927640897345,712.0,,,291.12188169877794,642.0,,,,,,,,,280.2448564998877,1503.0,,,246.01578145174895,1273.0,,,251.0305788858716,2084
,,,,,,,,,,,,,,267.6580620536938,538.0,,,292.434084740335,779.0,,,,,,,,,281.4262251320628,1050.0,,,246.6266110741828,1546.0,,,251.09398922794048,1892
,,,,,,,,,,,,,,267.6643759631726,698.0,,,294.65023376138373,649.0,,,,,,,,,281.82788213401864,1060.0,,,246.6282508778141,1656.0,,,251.16151165871185,2637
,,,,,,,,,,,,,,267.7211242653592,688.0,,,294.7761294710792,657.0,,,,,,,,,283.5084315314094,1578.0,,,247.33810551317032,1518.0,,,251.2702611475364,2504
,,,,,,,,,,,,,,269.3582230764093,709.0,,,297.2583467060604,739.0,,,,,,,,,284.59977424234114,1551.0,,,247.53968942875343,1676.0,,,251.3927352284886,2458
,,,,,,,,,,,,,,269.6372472840603,518.0,,,300.28713121289,415.0,,,,,,,,,284.6459361028956,1367.0,,,247.56556673854325,1525.0,,,251.4485741003344,2554
,,,,,,,,,,,,,,270.01165710369054,569.0,,,300.38018519882104,659.0,,,,,,,,,284.77939792160106,1131.0,,,247.5810377569588,1808.0,,,251.5318136204513,2007
,,,,,,,,,,,,,,271.34112918826054,342.0,,,303.3654800296752,440.0,,,,,,,,,285.5310043608841,1382.0,,,248.1041216087137,1530.0,,,251.6293893001842,2386
,,,,,,,,,,,,,,271.3879134728191,581.0,,,304.51613289168284,653.0,,,,,,,,,285.75588827648727,1142.0,,,248.14318043809408,1645.0,,,251.7765557873796,1895
,,,,,,,,,,,,,,271.586995542428,695.0,,,304.87159268751486,812.0,,,,,,,,,285.8847157957276,1053.0,,,248.6365981511428,1203.0,,,252.194072219325,2152
,,,,,,,,,,,,,,271.74296981507257,476.0,,,307.51950128260086,802.0,,,,,,,,,286.33539471812406,1300.0,,,249.35121569459508,1515.0,,,252.20223501029972,1980
,,,,,,,,,,,,,,271.838377975151,472.0,,,312.6261794964311,680.0,,,,,,,,,286.51494716512474,1345.0,,,249.55588678512643,1536.0,,,252.30397193320903,2154
,,,,,,,,,,,,,,272.1035482388146,305.0,,,313.03480815064887,428.0,,,,,,,,,286.69647331510293,1474.0,,,249.65467897461772,1416.0,,,252.3343636246477,2360
,,,,,,,,,,,,,,272.4542475232292,693.0,,,314.28733616120127,734.0,,,,,,,,,287.0138203597849,1329.0,,,250.8679417493239,1418.0,,,252.34226731406235,2358
,,,,,,,,,,,,,,273.3783101822579,485.0,,,321.88982875716925,769.0,,,,,,,,,287.31653638884103,1145.0,,,251.0284043929014,1235.0,,,252.64405511164665,2272
,,,,,,,,,,,,,,274.03113086760163,585.0,,,322.70467534905777,814.0,,,,,,,,,287.50916569242014,1135.0,,,251.66686925235103,1700.0,,,253.2186421203096,1879
,,,,,,,,,,,,,,274.6321237426481,703.0,,,324.0455562076765,791.0,,,,,,,,,288.0074295861324,1565.0,,,252.4173541639645,1548.0,,,253.3149672917698,2279
,,,,,,,,,,,,,,275.97792527388503,475.0,,,326.36773901685626,815.0,,,,,,,,,288.0801310617041,1556.0,,,252.61298178829168,1669.0,,,253.3157100038116,2079
,,,,,,,,,,,,,,278.1641671537716,530.0,,,328.24241073581214,654.0,,,,,,,,,288.57165044376507,1130.0,,,252.6304852880045,1843.0,,,253.60076821548117,2338
,,,,,,,,,,,,,,282.0458068323665,493.0,,,328.8432533560945,789.0,,,,,,,,,288.58295661066165,1573.0,,,252.8167526773125,1208.0,,,253.7467368700482,2141
,,,,,,,,,,,,,,286.6257116480153,537.0,,,329.98528653091,656.0,,,,,,,,,289.41131578248195,1751.0,,,252.83987561064515,1419.0,,,253.7799080081288,2355
,,,,,,,,,,,,,,287.0217043632239,533.0,,,335.2763637366203,775.0,,,,,,,,,290.16395768802386,1596.0,,,253.11580146872475,1388.0,,,253.8456255589086,2083
,,,,,,,,,,,,,,287.0952606209637,332.0,,,336.35695695731386,438.0,,,,,,,,,290.1665393045228,1489.0,,,253.74801587789008,1523.0,,,254.08544649915265,2446
,,,,,,,,,,,,,,287.1008816030027,713.0,,,336.9007030214484,816.0,,,,,,,,,290.2408938631983,1608.0,,,254.5686193473889,1168.0,,,254.11416213113276,2029
,,,,,,,,,,,,,,287.99951628562906,340.0,,,346.49142877396724,800.0,,,,,,,,,290.48915111169225,1603.0,,,255.21448692691783,1666.0,,,254.3161472457982,2496
,,,,,,,,,,,,,,288.23104030290006,525.0,,,348.7055201610787,681.0,,,,,,,,,290.7367147115168,1348.0,,,255.7135088348801,1822.0,,,254.41768632375,2080
,,,,,,,,,,,,,,292.06853682041844,497.0,,,349.7320636290331,790.0,,,,,,,,,290.77542552063727,1486.0,,,256.00177842635026,1824.0,,,254.47847509916596,2659
,,,,,,,,,,,,,,293.02663263838315,522.0,,,351.57502766463097,803.0,,,,,,,,,291.15157213180527,1347.0,,,256.1143660812833,1514.0,,,254.5260078522604,1897
,,,,,,,,,,,,,,293.7486193449291,711.0,,,352.882889856877,414.0,,,,,,,,,291.32869452169564,1336.0,,,257.2015508352226,1231.0,,,255.03672004616615,2091
,,,,,,,,,,,,,,294.2828774675255,516.0,,,353.3271709936763,679.0,,,,,,,,,291.59882875122355,1150.0,,,257.219188774263,1668.0,,,255.91044089684536,2142
,,,,,,,,,,,,,,298.22660105834143,590.0,,,358.06973999360696,672.0,,,,,,,,,292.09402224830745,1710.0,,,257.5044093006281,1809.0,,,256.03226657261416,2063
,,,,,,,,,,,,,,299.91588496358133,724.0,,,363.2793509884901,641.0,,,,,,,,,292.39447104780146,1701.0,,,257.71880437955474,1431.0,,,256.34705251695584,1922
,,,,,,,,,,,,,,301.80662796019425,529.0,,,367.72626759784856,810.0,,,,,,,,,292.4451901997239,1481.0,,,257.77567070855395,1840.0,,,256.57896219464544,2500
,,,,,,,,,,,,,,302.16946309988145,319.0,,,368.0440272240912,436.0,,,,,,,,,292.98970842610004,1356.0,,,257.9649958777129,1804.0,,,256.5995820081831,1946
,,,,,,,,,,,,,,302.7271976614893,719.0,,,368.5025523479798,637.0,,,,,,,,,293.04318011495104,1082.0,,,259.1227524474365,1421.0,,,256.6790288602297,2366
,,,,,,,,,,,,,,306.34475693077513,501.0,,,373.15910519215095,441.0,,,,,,,,,293.06767853120976,1746.0,,,260.6785860950153,1667.0,,,257.04843767616467,1989
,,,,,,,,,,,,,,309.6717784951914,571.0,,,382.22371854237474,652.0,,,,,,,,,293.2110564198707,1567.0,,,260.9141636965079,1649.0,,,257.09962829876355,1886
,,,,,,,,,,,,,,313.3173951496558,536.0,,,392.0276857684698,797.0,,,,,,,,,293.2774040765568,1324.0,,,261.4563498071345,1636.0,,,257.13445819327137,2591
,,,,,,,,,,,,,,320.67664638194105,718.0,,,395.510147020891,443.0,,,,,,,,,293.4107834874053,1368.0,,,261.66631408603945,1452.0,,,257.1356433123491,2098
,,,,,,,,,,,,,,323.7333454273746,535.0,,,396.911937646303,409.0,,,,,,,,,293.5385042071317,1346.0,,,262.6891188995864,1797.0,,,257.2459905725532,2155
,,,,,,,,,,,,,,324.73127648138,506.0,,,397.1005726442515,806.0,,,,,,,,,293.78064415586255,1705.0,,,264.1305835609897,1417.0,,,257.35924174354204,1954
,,,,,,,,,,,,,,324.87583285257205,519.0,,,399.7611501255077,662.0,,,,,,,,,294.15948483426604,1613.0,,,264.2414830272839,1647.0,,,257.37334568291294,2138
,,,,,,,,,,,,,,329.0149541079846,331.0,,,401.5527969856138,820.0,,,,,,,,,294.90146934124687,1143.0,,,264.3412307987755,1436.0,,,257.3734677377794,2498
,,,,,,,,,,,,,,329.1823640506703,314.0,,,417.561967481876,429.0,,,,,,,,,295.0273359355139,1577.0,,,264.4836446559472,1450.0,,,257.42010072690647,2388
,,,,,,,,,,,,,,335.619404592468,514.0,,,447.4812642386214,420.0,,,,,,,,,295.0787228402814,1023.0,,,264.8891008962646,1395.0,,,257.53708393435653,2384
,,,,,,,,,,,,,,336.02994425827114,302.0,,,448.0693639108935,809.0,,,,,,,,,295.53515671128224,1119.0,,,265.13413808778245,1535.0,,,257.8995434986354,2469
,,,,,,,,,,,,,,336.5451249828984,505.0,,,459.5174085277449,391.0,,,,,,,,,296.01839871072497,1485.0,,,266.55973722305407,1796.0,,,258.1051381796221,2017
,,,,,,,,,,,,,,337.07361368603307,715.0,,,498.9809671237743,419.0,,,,,,,,,296.0865624832566,1473.0,,,266.7118635729376,1807.0,,,258.391302087543,2075
,,,,,,,,,,,,,,339.18383062969536,338.0,,,500.597823110868,408.0,,,,,,,,,296.0973899669346,1317.0,,,268.0779742443548,1833.0,,,258.5703365094998,2224
,,,,,,,,,,,,,,345.4934201283841,528.0,,,500.8087908599913,411.0,,,,,,,,,297.3080153678535,1575.0,,,268.3877762280877,1429.0,,,258.865104164423,2550
,,,,,,,,,,,,,,352.7894287239979,509.0,,,521.955856193518,811.0,,,,,,,,,297.5505739113999,1058.0,,,269.13364744098203,1677.0,,,259.58300908387525,2443
,,,,,,,,,,,,,,357.0732324958081,592.0,,,537.3144597044472,424.0,,,,,,,,,298.2777435087084,1707.0,,,269.1985706959432,1204.0,,,260.2174358145848,2165
,,,,,,,,,,,,,,404.1327314399063,330.0,,,548.8962760308144,813.0,,,,,,,,,298.44762764003445,1046.0,,,269.7308693515591,1241.0,,,260.28461179025686,2133
,,,,,,,,,,,,,,418.6377792246512,526.0,,,554.5849566347789,397.0,,,,,,,,,299.5927738917248,1381.0,,,270.5632606417282,1838.0,,,260.65196021467494,2246
,,,,,,,,,,,,,,452.1664380894424,306.0,,,556.7748504321722,435.0,,,,,,,,,299.87243315078985,1318.0,,,270.8152954008388,1697.0,,,260.6889909739934,2264
,,,,,,,,,,,,,,467.0136405346108,1913.0,,,616.8764445172151,651.0,,,,,,,,,299.89437940320414,1117.0,,,271.08943296725744,1446.0,,,260.78342297383784,2082
,,,,,,,,,,,,,,479.3316966648488,496.0,,,656.008048606703,785.0,,,,,,,,,301.2527306247524,1364.0,,,271.1488654062723,1810.0,,,261.0048074824505,2540
,,,,,,,,,,,,,,491.4173675030118,574.0,,,766.0947710814843,401.0,,,,,,,,,302.0120301909247,1724.0,,,271.2839303352717,1675.0,,,261.0698626545402,1896
,,,,,,,,,,,,,,495.14725892436815,329.0,,,803.5457632520089,639.0,,,,,,,,,302.75520272412484,1744.0,,,272.4603955396758,1516.0,,,261.1169965163831,2507
,,,,,,,,,,,,,,498.3030257567526,582.0,,,807.620480837907,437.0,,,,,,,,,302.82084100566,1320.0,,,272.9898429177815,1650.0,,,261.6474114006621,2376
,,,,,,,,,,,,,,499.8395473303422,579.0,,,815.2567351059922,645.0,,,,,,,,,303.0154317324336,1588.0,,,277.06665828562586,1265.0,,,261.7435088716234,2286
,,,,,,,,,,,,,,501.1648370984879,318.0,,,832.3018835652522,677.0,,,,,,,,,303.054747484646,1763.0,,,277.63830589738694,1847.0,,,261.966512069734,2189
,,,,,,,,,,,,,,519.5156110463602,710.0,,,1074.06912982887,413.0,,,,,,,,,303.238399684464,1127.0,,,277.7795773040961,1638.0,,,262.06446105903126,2248
,,,,,,,,,,,,,,523.9492818597953,716.0,,,2405.3824302789976,786.0,,,,,,,,,303.31081825678785,1594.0,,,278.2488812638686,1286.0,,,262.4717941916359,2059
,,,,,,,,,,,,,,557.280133896834,580.0,,,3093.2949362767768,393.0,,,,,,,,,303.37628365511466,1496.0,,,278.36646739146846,1835.0,,,262.75309808608426,1906
,,,,,,,,,,,,,,580.3366941456505,492.0,,,5114.850821842081,774.0,,,,,,,,,303.866602939348,1340.0,,,278.4149139992291,1672.0,,,262.8598605214353,2108
,,,,,,,,,,,,,,819.9086566704339,486.0,,,7930.791522611944,663.0,,,,,,,,,304.31497110394105,1737.0,,,279.2312678923682,1836.0,,,263.08208530773334,2073
,,,,,,,,,,,,,,848.2492239936112,504.0,,,16047.76428711826,778.0,,,,,,,,,304.3735867123333,1747.0,,,279.4837086337988,1454.0,,,263.08602302957576,2160
,,,,,,,,,,,,,,852.496474585006,591.0,,,36768.14106158225,756.0,,,,,,,,,306.30615782063234,1495.0,,,279.9684285191568,1420.0,,,263.3213258260743,2117
,,,,,,,,,,,,,,894.4092764035173,508.0,,,96386.96674606136,362.0,,,,,,,,,306.5568958966385,1713.0,,,281.60716976794004,1443.0,,,263.46917808686743,2473
,,,,,,,,,,,,,,944.8600363836018,532.0,,,4062063911.832248,673.0,,,,,,,,,306.9901619599312,1729.0,,,282.1995133573251,1538.0,,,263.4703693996598,2379
,,,,,,,,,,,,,,961.096935505858,336.0,,,14900093199.663515,431.0,,,,,,,,,307.8245817351171,1730.0,,,282.50945406377286,1270.0,,,263.8138082049259,2303
,,,,,,,,,,,,,,963.3907393890464,334.0,,,,,,,,,,,,,307.8989064058247,1703.0,,,282.5658367467144,1659.0,,,264.0371148622488,2510
,,,,,,,,,,,,,,1153.382928187194,293.0,,,,,,,,,,,,,308.4691655943934,1068.0,,,282.81430185181813,1191.0,,,264.09654550157234,2460
,,,,,,,,,,,,,,1253.006345337415,527.0,,,,,,,,,,,,,309.14278073106675,1734.0,,,282.9215029499361,1641.0,,,264.2488720623743,2013
,,,,,,,,,,,,,,1639.3013049166846,313.0,,,,,,,,,,,,,309.4465848314502,1030.0,,,283.82552629412044,1539.0,,,264.29249618873433,2153
,,,,,,,,,,,,,,2067.017651767228,503.0,,,,,,,,,,,,,310.3186573435871,1477.0,,,284.16487600145814,1678.0,,,264.5376741999955,2636
,,,,,,,,,,,,,,31470.04556986378,2385.0,,,,,,,,,,,,,310.4165797027619,1107.0,,,284.30156250763065,1278.0,,,265.143485335543,2370
,,,,,,,,,,,,,,3370699516.421718,298.0,,,,,,,,,,,,,310.732007343514,1365.0,,,284.63525819198867,1384.0,,,265.19993649120806,2132
,,,,,,,,,,,,,,12538816272.40144,328.0,,,,,,,,,,,,,311.22541157518987,1487.0,,,289.1741483044254,1827.0,,,265.2926463080672,2163
,,,,,,,,,,,,,,,,,,,,,,,,,,,,311.51328624688784,1475.0,,,293.08387370694425,1653.0,,,265.7525857491974,2623
,,,,,,,,,,,,,,,,,,,,,,,,,,,,311.5540188744494,1375.0,,,293.4171704152037,1839.0,,,266.15346902617006,2604
,,,,,,,,,,,,,,,,,,,,,,,,,,,,312.091675302544,1066.0,,,293.6391743049926,1686.0,,,266.19931186403795,1864
,,,,,,,,,,,,,,,,,,,,,,,,,,,,312.2636783949191,1490.0,,,295.4941773740507,1696.0,,,266.31883500514346,2477
,,,,,,,,,,,,,,,,,,,,,,,,,,,,312.43727532929006,1147.0,,,295.8000149195659,1266.0,,,266.84873831754885,2350
,,,,,,,,,,,,,,,,,,,,,,,,,,,,313.1632628714265,1611.0,,,298.0433618209643,1275.0,,,267.2919386774013,2475
,,,,,,,,,,,,,,,,,,,,,,,,,,,,313.6855440390109,1038.0,,,298.9808169599303,1543.0,,,267.46104087822124,2064
,,,,,,,,,,,,,,,,,,,,,,,,,,,,313.8219432494513,1623.0,,,298.98401050079616,1181.0,,,267.46357075843804,2421
,,,,,,,,,,,,,,,,,,,,,,,,,,,,314.5255741537022,1067.0,,,299.19912206541454,1253.0,,,267.5803933918817,2356
,,,,,,,,,,,,,,,,,,,,,,,,,,,,314.8451693640806,1739.0,,,300.77020311491657,1687.0,,,267.7329503534778,2143
,,,,,,,,,,,,,,,,,,,,,,,,,,,,315.07934364379025,1020.0,,,302.09580393005155,1445.0,,,268.1144664994787,2086
,,,,,,,,,,,,,,,,,,,,,,,,,,,,316.14042001657845,1378.0,,,302.5098086559502,1451.0,,,268.3048112936001,1919
,,,,,,,,,,,,,,,,,,,,,,,,,,,,316.2910847698854,1024.0,,,303.0175578361189,1637.0,,,268.32407791252973,2459
,,,,,,,,,,,,,,,,,,,,,,,,,,,,316.40715036160043,1600.0,,,303.561152458118,1684.0,,,268.4045272905957,1959
,,,,,,,,,,,,,,,,,,,,,,,,,,,,316.684545868222,1092.0,,,303.69630652243575,1262.0,,,268.40650646594094,2222
,,,,,,,,,,,,,,,,,,,,,,,,,,,,317.14581698105627,1612.0,,,308.0870316329802,1640.0,,,268.6305262475816,2197
,,,,,,,,,,,,,,,,,,,,,,,,,,,,317.4248560660654,1721.0,,,310.6760448439824,1828.0,,,268.6340208865131,2586
,,,,,,,,,,,,,,,,,,,,,,,,,,,,317.5100263697528,1740.0,,,310.7199331543365,1671.0,,,268.6693842849282,1976
,,,,,,,,,,,,,,,,,,,,,,,,,,,,318.13559767768965,1719.0,,,315.5768736064297,1832.0,,,268.9929991203681,2380
,,,,,,,,,,,,,,,,,,,,,,,,,,,,318.8083392668379,1123.0,,,319.0878455456237,1433.0,,,269.2352296864978,2595
,,,,,,,,,,,,,,,,,,,,,,,,,,,,320.48207910012854,1359.0,,,319.4114688891501,1795.0,,,269.3853143774339,2352
,,,,,,,,,,,,,,,,,,,,,,,,,,,,320.8191634875093,1590.0,,,320.38596213328185,1242.0,,,269.4792431213369,2349
,,,,,,,,,,,,,,,,,,,,,,,,,,,,321.74905756535514,1777.0,,,322.4357548748605,1248.0,,,269.80304184330765,2557
,,,,,,,,,,,,,,,,,,,,,,,,,,,,321.93499910947656,1357.0,,,323.38087145370645,1274.0,,,269.93372863209095,2076
,,,,,,,,,,,,,,,,,,,,,,,,,,,,322.2365430780864,1750.0,,,328.8819259578272,1240.0,,,270.00328608764164,2342
,,,,,,,,,,,,,,,,,,,,,,,,,,,,323.1107377463453,1764.0,,,335.60349294548314,1244.0,,,270.4321815375746,2435
,,,,,,,,,,,,,,,,,,,,,,,,,,,,323.23937991323334,1615.0,,,336.3384139434038,1831.0,,,270.541745254193,2399
,,,,,,,,,,,,,,,,,,,,,,,,,,,,323.3439271882757,1717.0,,,340.5713969921478,1688.0,,,270.66550645575927,2522
,,,,,,,,,,,,,,,,,,,,,,,,,,,,323.4917357759503,1138.0,,,342.32920303551094,1430.0,,,270.8368729435384,2562
,,,,,,,,,,,,,,,,,,,,,,,,,,,,323.7117642783724,1358.0,,,343.34690254489027,1685.0,,,270.9285360237856,2621
,,,,,,,,,,,,,,,,,,,,,,,,,,,,324.8229162465651,1715.0,,,343.4118661087022,1427.0,,,271.22145019340525,1941
,,,,,,,,,,,,,,,,,,,,,,,,,,,,325.09908700823,1580.0,,,359.3721014419557,1238.0,,,271.4834672885333,2181
,,,,,,,,,,,,,,,,,,,,,,,,,,,,325.6502625543271,1581.0,,,359.68318280481003,1681.0,,,271.9102803854668,2292
,,,,,,,,,,,,,,,,,,,,,,,,,,,,325.9553433975545,1059.0,,,359.75162210942034,1268.0,,,271.9970018847076,2633
,,,,,,,,,,,,,,,,,,,,,,,,,,,,326.10265735516896,1363.0,,,360.0965180144468,1680.0,,,272.0761444224363,2657
,,,,,,,,,,,,,,,,,,,,,,,,,,,,326.5436783791111,1610.0,,,361.58637471705936,1643.0,,,272.59263189217904,2635
,,,,,,,,,,,,,,,,,,,,,,,,,,,,326.599596918522,1627.0,,,362.0046672168684,1694.0,,,272.7385208192715,2087
,,,,,,,,,,,,,,,,,,,,,,,,,,,,326.99433583876674,1054.0,,,362.6215048035666,1424.0,,,272.74837666880563,2131
,,,,,,,,,,,,,,,,,,,,,,,,,,,,327.4649515553748,1352.0,,,363.3572608251088,1438.0,,,273.01441316072254,2371
,,,,,,,,,,,,,,,,,,,,,,,,,,,,327.87425300570925,1762.0,,,364.8227847761332,1267.0,,,273.04710945006053,2486
,,,,,,,,,,,,,,,,,,,,,,,,,,,,327.9284010937286,1591.0,,,366.8285001502775,1689.0,,,273.2594788113786,1963
,,,,,,,,,,,,,,,,,,,,,,,,,,,,328.44411811859345,1501.0,,,376.4796598275141,1284.0,,,273.6091084356299,2093
,,,,,,,,,,,,,,,,,,,,,,,,,,,,328.65549509788195,1609.0,,,379.10906340101457,1540.0,,,273.85187892089755,2592
,,,,,,,,,,,,,,,,,,,,,,,,,,,,329.52058080459574,1773.0,,,379.8100575267885,1829.0,,,274.0332665334898,2121
,,,,,,,,,,,,,,,,,,,,,,,,,,,,329.5876801271266,1778.0,,,380.517041840628,1542.0,,,274.06911837682367,1915
,,,,,,,,,,,,,,,,,,,,,,,,,,,,329.58768500617714,1760.0,,,383.099558152539,1288.0,,,274.1559208149636,2437
,,,,,,,,,,,,,,,,,,,,,,,,,,,,329.7121732200817,1589.0,,,387.8113865945035,1695.0,,,274.4044512101749,2415
,,,,,,,,,,,,,,,,,,,,,,,,,,,,329.8390574195772,1745.0,,,397.5038553535194,1237.0,,,274.6212721083819,2478
,,,,,,,,,,,,,,,,,,,,,,,,,,,,330.32932257039107,996.0,,,400.761151987314,1426.0,,,274.6732005042147,2454
,,,,,,,,,,,,,,,,,,,,,,,,,,,,330.4616306881018,1031.0,,,402.6933985773292,1258.0,,,274.74029339010883,2598
,,,,,,,,,,,,,,,,,,,,,,,,,,,,331.46987468781657,1494.0,,,408.8208793965687,1834.0,,,274.8540047558826,2290
,,,,,,,,,,,,,,,,,,,,,,,,,,,,331.5459302591116,1775.0,,,418.2729326668256,1848.0,,,275.18500353940567,2523
,,,,,,,,,,,,,,,,,,,,,,,,,,,,332.0610390233128,1631.0,,,419.89342595239424,1699.0,,,275.35413698988566,2033
,,,,,,,,,,,,,,,,,,,,,,,,,,,,333.3490249235629,1343.0,,,420.1449842092587,1277.0,,,275.4925011518001,1982
,,,,,,,,,,,,,,,,,,,,,,,,,,,,333.514711460972,1718.0,,,423.6492776667844,1280.0,,,275.55848171351766,2297
,,,,,,,,,,,,,,,,,,,,,,,,,,,,333.9787640988599,1732.0,,,425.806334049172,1682.0,,,275.8359284497895,2601
,,,,,,,,,,,,,,,,,,,,,,,,,,,,334.42877631335574,1622.0,,,426.8693847194788,1252.0,,,275.98135142442675,2410
,,,,,,,,,,,,,,,,,,,,,,,,,,,,334.6941237502576,1772.0,,,428.57688090789054,1442.0,,,276.0959340592721,2200
,,,,,,,,,,,,,,,,,,,,,,,,,,,,335.74436370673266,1607.0,,,432.372625851998,1449.0,,,276.647016674357,2556
,,,,,,,,,,,,,,,,,,,,,,,,,,,,335.9702193001776,1355.0,,,434.3915087387816,1239.0,,,276.9470071235339,2235
,,,,,,,,,,,,,,,,,,,,,,,,,,,,336.7542631996536,1154.0,,,443.1118703421128,1549.0,,,276.9550459436285,2641
,,,,,,,,,,,,,,,,,,,,,,,,,,,,337.6458407973314,1706.0,,,444.71858824567136,1236.0,,,277.0133055261045,2198
,,,,,,,,,,,,,,,,,,,,,,,,,,,,337.99799579073755,1034.0,,,455.2357111445712,1263.0,,,277.04042812069275,2238
,,,,,,,,,,,,,,,,,,,,,,,,,,,,339.93263759685385,1749.0,,,457.7803152035632,1437.0,,,277.8537746520102,1911
,,,,,,,,,,,,,,,,,,,,,,,,,,,,340.3557912770798,1782.0,,,460.8116160978063,1412.0,,,278.0158893159246,2365
,,,,,,,,,,,,,,,,,,,,,,,,,,,,341.0723607783814,1748.0,,,462.3271759953343,1844.0,,,278.0937978334295,1875
,,,,,,,,,,,,,,,,,,,,,,,,,,,,343.0687671984978,1624.0,,,484.4982915018411,1679.0,,,278.2674553143256,2551
,,,,,,,,,,,,,,,,,,,,,,,,,,,,343.321528991818,1722.0,,,486.8101658841384,1547.0,,,278.5776995174944,1916
,,,,,,,,,,,,,,,,,,,,,,,,,,,,343.3453834567705,1328.0,,,489.0262266977974,1261.0,,,278.7889388230214,2060
,,,,,,,,,,,,,,,,,,,,,,,,,,,,343.5507156447212,1141.0,,,492.7725760617269,1441.0,,,278.85452129180334,1934
,,,,,,,,,,,,,,,,,,,,,,,,,,,,344.8120977184483,1586.0,,,504.69298687265047,1264.0,,,279.3194791013417,2651
,,,,,,,,,,,,,,,,,,,,,,,,,,,,344.9289000765744,1595.0,,,516.5863819440377,1260.0,,,279.3882564339748,2055
,,,,,,,,,,,,,,,,,,,,,,,,,,,,346.1508707221054,1625.0,,,547.3721326321736,1683.0,,,279.6254813207283,2196
,,,,,,,,,,,,,,,,,,,,,,,,,,,,346.35252171699307,1728.0,,,564.0482161227338,1541.0,,,279.6557174281087,1991
,,,,,,,,,,,,,,,,,,,,,,,,,,,,346.5424971141691,1629.0,,,566.7778296539803,1550.0,,,279.7516728953371,2145
,,,,,,,,,,,,,,,,,,,,,,,,,,,,347.1190871081788,1374.0,,,571.3178705323406,1698.0,,,279.8858044157437,2025
,,,,,,,,,,,,,,,,,,,,,,,,,,,,347.19984266255284,1757.0,,,578.6930653516947,1255.0,,,279.89633490648293,2081
,,,,,,,,,,,,,,,,,,,,,,,,,,,,347.97882361211754,1134.0,,,585.6419013000288,1428.0,,,279.9561979923405,2381
,,,,,,,,,,,,,,,,,,,,,,,,,,,,348.1965495235795,1606.0,,,609.6219106791731,1447.0,,,280.3905995463047,2309
,,,,,,,,,,,,,,,,,,,,,,,,,,,,349.8699337377712,1362.0,,,612.6051408584942,1830.0,,,280.63273114517534,2563
,,,,,,,,,,,,,,,,,,,,,,,,,,,,350.4750237929802,1781.0,,,617.8282562198103,1456.0,,,280.85909943445,2041
,,,,,,,,,,,,,,,,,,,,,,,,,,,,356.2538533838351,1780.0,,,618.0050940954716,1243.0,,,280.9315677383593,2645
,,,,,,,,,,,,,,,,,,,,,,,,,,,,356.5070492149921,1371.0,,,642.4875635689544,1448.0,,,281.83306271111644,2501
,,,,,,,,,,,,,,,,,,,,,,,,,,,,356.96853639816464,1621.0,,,699.1513587460954,1269.0,,,281.87062634590944,2416
,,,,,,,,,,,,,,,,,,,,,,,,,,,,360.21860396292647,1062.0,,,718.1799730297467,1246.0,,,281.9890049960438,2626
,,,,,,,,,,,,,,,,,,,,,,,,,,,,360.24385190346766,1770.0,,,777.8751901531036,1276.0,,,282.244635016851,2672
,,,,,,,,,,,,,,,,,,,,,,,,,,,,361.24739646079695,1366.0,,,835.9773093954992,1850.0,,,282.26148220788656,2544
,,,,,,,,,,,,,,,,,,,,,,,,,,,,361.3246699398839,1118.0,,,859.0063705821848,1841.0,,,282.5118261719628,2502
,,,,,,,,,,,,,,,,,,,,,,,,,,,,364.2107179750616,1146.0,,,877.161290464488,1691.0,,,282.5736414393103,2642
,,,,,,,,,,,,,,,,,,,,,,,,,,,,364.2765170511185,1633.0,,,884.8627423864035,1285.0,,,282.5908232272644,2517
,,,,,,,,,,,,,,,,,,,,,,,,,,,,367.4164684238242,1632.0,,,1141.7462923647302,1287.0,,,282.67452638500424,2199
,,,,,,,,,,,,,,,,,,,,,,,,,,,,368.5969644893746,1157.0,,,1638.413620383307,1432.0,,,282.9866232301642,2151
,,,,,,,,,,,,,,,,,,,,,,,,,,,,370.1692531260047,1115.0,,,3265.6063936582523,1444.0,,,283.0492868035194,2587
,,,,,,,,,,,,,,,,,,,,,,,,,,,,370.55193952680287,1506.0,,,3657.378277616351,1799.0,,,283.1711473537036,2542
,,,,,,,,,,,,,,,,,,,,,,,,,,,,370.6809298183943,1599.0,,,,,,,283.3729438617496,2495
,,,,,,,,,,,,,,,,,,,,,,,,,,,,371.7901109897354,1380.0,,,,,,,283.6281386730516,2042
,,,,,,,,,,,,,,,,,,,,,,,,,,,,372.9262177339865,1156.0,,,,,,,283.98572472550416,2148
,,,,,,,,,,,,,,,,,,,,,,,,,,,,376.3368764459186,1758.0,,,,,,,284.06617297224,2525
,,,,,,,,,,,,,,,,,,,,,,,,,,,,376.4664522794089,1505.0,,,,,,,284.1180197146644,2467
,,,,,,,,,,,,,,,,,,,,,,,,,,,,377.1286667791469,1584.0,,,,,,,284.6631881394335,2520
,,,,,,,,,,,,,,,,,,,,,,,,,,,,378.0896186212725,1768.0,,,,,,,284.91069143410255,2585
,,,,,,,,,,,,,,,,,,,,,,,,,,,,378.7380362442599,1488.0,,,,,,,285.5600180233544,2602
,,,,,,,,,,,,,,,,,,,,,,,,,,,,379.7933900682641,1601.0,,,,,,,285.971708583844,2089
,,,,,,,,,,,,,,,,,,,,,,,,,,,,381.37412214592575,1373.0,,,,,,,285.9797239672824,2010
,,,,,,,,,,,,,,,,,,,,,,,,,,,,382.6039273641119,1331.0,,,,,,,286.073521530168,2555
,,,,,,,,,,,,,,,,,,,,,,,,,,,,387.0427125445007,1771.0,,,,,,,286.0770388171397,2509
,,,,,,,,,,,,,,,,,,,,,,,,,,,,391.48310532336274,1383.0,,,,,,,286.1703362028189,2103
,,,,,,,,,,,,,,,,,,,,,,,,,,,,392.425374962177,1124.0,,,,,,,286.2085610228707,2444
,,,,,,,,,,,,,,,,,,,,,,,,,,,,396.7274118179578,1379.0,,,,,,,286.2458608236397,2218
,,,,,,,,,,,,,,,,,,,,,,,,,,,,398.3989757741078,1044.0,,,,,,,286.3062337064534,2397
,,,,,,,,,,,,,,,,,,,,,,,,,,,,400.323388478776,1344.0,,,,,,,286.3742025439249,2547
,,,,,,,,,,,,,,,,,,,,,,,,,,,,400.75864932362816,1116.0,,,,,,,286.410618258489,2369
,,,,,,,,,,,,,,,,,,,,,,,,,,,,402.7177306985444,1593.0,,,,,,,286.4119478129467,2092
,,,,,,,,,,,,,,,,,,,,,,,,,,,,405.9099309364563,1769.0,,,,,,,286.67427448950576,2011
,,,,,,,,,,,,,,,,,,,,,,,,,,,,410.6726652601189,1333.0,,,,,,,286.856826012912,2284
,,,,,,,,,,,,,,,,,,,,,,,,,,,,412.4921819100263,1155.0,,,,,,,286.86278724100515,2590
,,,,,,,,,,,,,,,,,,,,,,,,,,,,412.5901459479961,1761.0,,,,,,,287.37675173216155,1999
,,,,,,,,,,,,,,,,,,,,,,,,,,,,413.9108899275276,1618.0,,,,,,,287.4738716582824,2012
,,,,,,,,,,,,,,,,,,,,,,,,,,,,415.91071861956925,1774.0,,,,,,,287.74755063371776,2589
,,,,,,,,,,,,,,,,,,,,,,,,,,,,417.33590525435454,1021.0,,,,,,,287.9076235972436,2580
,,,,,,,,,,,,,,,,,,,,,,,,,,,,418.5802430095277,1029.0,,,,,,,287.9233377858135,1966
,,,,,,,,,,,,,,,,,,,,,,,,,,,,421.1168649456222,1765.0,,,,,,,289.0190057147017,2374
,,,,,,,,,,,,,,,,,,,,,,,,,,,,425.2182873301722,1055.0,,,,,,,289.20814671623293,2335
,,,,,,,,,,,,,,,,,,,,,,,,,,,,426.13747304178287,1353.0,,,,,,,289.4942688319581,2505
,,,,,,,,,,,,,,,,,,,,,,,,,,,,430.4522971832809,1354.0,,,,,,,289.6441971675375,2256
,,,,,,,,,,,,,,,,,,,,,,,,,,,,430.7094990649761,1057.0,,,,,,,289.7661635971338,2506
,,,,,,,,,,,,,,,,,,,,,,,,,,,,435.8102085635112,1619.0,,,,,,,289.8120346871086,2624
,,,,,,,,,,,,,,,,,,,,,,,,,,,,441.2763674236296,1743.0,,,,,,,289.9746570973246,2071
,,,,,,,,,,,,,,,,,,,,,,,,,,,,444.2293272896138,1614.0,,,,,,,290.2127313271954,2040
,,,,,,,,,,,,,,,,,,,,,,,,,,,,446.2368830788474,1064.0,,,,,,,290.2396982820634,2519
,,,,,,,,,,,,,,,,,,,,,,,,,,,,451.00867309533504,1630.0,,,,,,,290.4609845631532,2617
,,,,,,,,,,,,,,,,,,,,,,,,,,,,452.1949794152504,1779.0,,,,,,,290.7439337453766,2414
,,,,,,,,,,,,,,,,,,,,,,,,,,,,457.0779411401976,1602.0,,,,,,,290.7577971456894,2137
,,,,,,,,,,,,,,,,,,,,,,,,,,,,459.3115198569199,1604.0,,,,,,,291.655382873774,2488
,,,,,,,,,,,,,,,,,,,,,,,,,,,,461.2116153061291,1126.0,,,,,,,291.6561257567071,2344
,,,,,,,,,,,,,,,,,,,,,,,,,,,,464.5995962207971,1783.0,,,,,,,291.68215005215626,2394
,,,,,,,,,,,,,,,,,,,,,,,,,,,,466.6337397843955,1139.0,,,,,,,291.7626410872154,1983
,,,,,,,,,,,,,,,,,,,,,,,,,,,,466.7032712089445,1626.0,,,,,,,291.7631397972214,2599
,,,,,,,,,,,,,,,,,,,,,,,,,,,,467.467711976137,1360.0,,,,,,,291.7784940139376,2514
,,,,,,,,,,,,,,,,,,,,,,,,,,,,470.50171882083066,1122.0,,,,,,,291.9146276741644,2171
,,,,,,,,,,,,,,,,,,,,,,,,,,,,472.03475266159165,1151.0,,,,,,,291.9225357361991,2343
,,,,,,,,,,,,,,,,,,,,,,,,,,,,473.0736424137402,1148.0,,,,,,,291.9621007486402,2541
,,,,,,,,,,,,,,,,,,,,,,,,,,,,475.85001027966905,1025.0,,,,,,,292.1075433788864,2057
,,,,,,,,,,,,,,,,,,,,,,,,,,,,485.9815509192599,1041.0,,,,,,,292.3237276368395,2548
,,,,,,,,,,,,,,,,,,,,,,,,,,,,492.5761429218777,1754.0,,,,,,,292.4663478430717,2567
,,,,,,,,,,,,,,,,,,,,,,,,,,,,510.540059450097,1498.0,,,,,,,292.4880004289281,2593
,,,,,,,,,,,,,,,,,,,,,,,,,,,,513.5690133604469,1377.0,,,,,,,292.7071118359753,2313
,,,,,,,,,,,,,,,,,,,,,,,,,,,,522.3590227505584,1332.0,,,,,,,293.0398948944463,2406
,,,,,,,,,,,,,,,,,,,,,,,,,,,,544.4604994574771,1361.0,,,,,,,293.06407059623524,2526
,,,,,,,,,,,,,,,,,,,,,,,,,,,,550.3662839664573,1372.0,,,,,,,293.07213068345106,2387
,,,,,,,,,,,,,,,,,,,,,,,,,,,,551.6872247758453,1776.0,,,,,,,293.1497637081657,2296
,,,,,,,,,,,,,,,,,,,,,,,,,,,,552.9477606479529,1144.0,,,,,,,293.2393531141157,2631
,,,,,,,,,,,,,,,,,,,,,,,,,,,,556.3121613506859,1056.0,,,,,,,293.7077714002154,1874
,,,,,,,,,,,,,,,,,,,,,,,,,,,,570.5345054813082,1140.0,,,,,,,294.1582133897278,2538
,,,,,,,,,,,,,,,,,,,,,,,,,,,,582.017507638179,1620.0,,,,,,,294.77708415689114,2649
,,,,,,,,,,,,,,,,,,,,,,,,,,,,583.3890016936612,1040.0,,,,,,,294.9380550611512,2656
,,,,,,,,,,,,,,,,,,,,,,,,,,,,590.7584787789506,1045.0,,,,,,,294.9416919826633,2159
,,,,,,,,,,,,,,,,,,,,,,,,,,,,610.0213339196449,1043.0,,,,,,,295.5915142006508,2422
,,,,,,,,,,,,,,,,,,,,,,,,,,,,619.9461301700259,1128.0,,,,,,,295.83821042395,2191
,,,,,,,,,,,,,,,,,,,,,,,,,,,,638.7254675595445,1628.0,,,,,,,295.9416633888751,2234
,,,,,,,,,,,,,,,,,,,,,,,,,,,,644.2609765740964,1149.0,,,,,,,296.1777188198495,2474
,,,,,,,,,,,,,,,,,,,,,,,,,,,,667.7047576878309,1339.0,,,,,,,296.90675648306865,2622
,,,,,,,,,,,,,,,,,,,,,,,,,,,,688.7395505495186,1376.0,,,,,,,297.20361464229103,2353
,,,,,,,,,,,,,,,,,,,,,,,,,,,,727.7064153886147,1742.0,,,,,,,297.2327661551129,2068
,,,,,,,,,,,,,,,,,,,,,,,,,,,,732.3537104368806,1759.0,,,,,,,297.367230384593,2476
,,,,,,,,,,,,,,,,,,,,,,,,,,,,816.1977212112358,1133.0,,,,,,,297.5515205333402,2188
,,,,,,,,,,,,,,,,,,,,,,,,,,,,818.9041086877988,1342.0,,,,,,,297.77784500860264,2099
,,,,,,,,,,,,,,,,,,,,,,,,,,,,824.8649408212916,1350.0,,,,,,,298.3057736049845,1921
,,,,,,,,,,,,,,,,,,,,,,,,,,,,845.9491240021707,1592.0,,,,,,,298.76690647095734,2455
,,,,,,,,,,,,,,,,,,,,,,,,,,,,863.1780412098595,1069.0,,,,,,,298.76855877572314,2643
,,,,,,,,,,,,,,,,,,,,,,,,,,,,871.9860804714056,1598.0,,,,,,,298.98114174306954,2620
,,,,,,,,,,,,,,,,,,,,,,,,,,,,991.987624943868,1063.0,,,,,,,299.4052800666413,2513
,,,,,,,,,,,,,,,,,,,,,,,,,,,,1006.6679977825684,1153.0,,,,,,,300.27727049168345,2032
,,,,,,,,,,,,,,,,,,,,,,,,,,,,1032.7706261887197,1132.0,,,,,,,300.3051404268021,2561
,,,,,,,,,,,,,,,,,,,,,,,,,,,,1062.9738474393232,1492.0,,,,,,,300.33632586025965,2675
,,,,,,,,,,,,,,,,,,,,,,,,,,,,1121.5199466812912,1766.0,,,,,,,300.9789292653161,2436
,,,,,,,,,,,,,,,,,,,,,,,,,,,,1380.719272770773,1616.0,,,,,,,301.30367660252404,2553
,,,,,,,,,,,,,,,,,,,,,,,,,,,,1391.2856207571715,1493.0,,,,,,,301.40841363215947,2109
,,,,,,,,,,,,,,,,,,,,,,,,,,,,1618.5701264856125,1349.0,,,,,,,301.7467014675919,2611
,,,,,,,,,,,,,,,,,,,,,,,,,,,,1865.339000168684,1334.0,,,,,,,301.79572709156645,2600
,,,,,,,,,,,,,,,,,,,,,,,,,,,,2067.774838938358,1129.0,,,,,,,301.83609380206616,2419
,,,,,,,,,,,,,,,,,,,,,,,,,,,,2302.168657584152,1605.0,,,,,,,302.0684682100914,1888
,,,,,,,,,,,,,,,,,,,,,,,,,,,,3273.257362443877,1033.0,,,,,,,302.2775893973791,2023
,,,,,,,,,,,,,,,,,,,,,,,,,,,,4168.189556321783,1755.0,,,,,,,302.43774021051155,2647
,,,,,,,,,,,,,,,,,,,,,,,,,,,,4375.629368194303,1369.0,,,,,,,302.6650432916814,2158
,,,,,,,,,,,,,,,,,,,,,,,,,,,,6177.909866772959,1338.0,,,,,,,303.8262350659433,2156
,,,,,,,,,,,,,,,,,,,,,,,,,,,,,,,,,,,,303.9490047506882,2308
,,,,,,,,,,,,,,,,,,,,,,,,,,,,,,,,,,,,304.014860126446,2594
,,,,,,,,,,,,,,,,,,,,,,,,,,,,,,,,,,,,304.14497296466106,1981
,,,,,,,,,,,,,,,,,,,,,,,,,,,,,,,,,,,,304.54883840096704,2128
,,,,,,,,,,,,,,,,,,,,,,,,,,,,,,,,,,,,304.7390614983778,2140
,,,,,,,,,,,,,,,,,,,,,,,,,,,,,,,,,,,,304.7488336099253,2262
,,,,,,,,,,,,,,,,,,,,,,,,,,,,,,,,,,,,305.09652285908123,2648
,,,,,,,,,,,,,,,,,,,,,,,,,,,,,,,,,,,,305.292388598879,2508
,,,,,,,,,,,,,,,,,,,,,,,,,,,,,,,,,,,,305.3217781489341,2552
,,,,,,,,,,,,,,,,,,,,,,,,,,,,,,,,,,,,305.67514303195173,2533
,,,,,,,,,,,,,,,,,,,,,,,,,,,,,,,,,,,,305.6887759145516,2078
,,,,,,,,,,,,,,,,,,,,,,,,,,,,,,,,,,,,305.7054997762096,2470
,,,,,,,,,,,,,,,,,,,,,,,,,,,,,,,,,,,,305.7945808887089,2058
,,,,,,,,,,,,,,,,,,,,,,,,,,,,,,,,,,,,306.35441466115464,1944
,,,,,,,,,,,,,,,,,,,,,,,,,,,,,,,,,,,,306.5541268258464,2028
,,,,,,,,,,,,,,,,,,,,,,,,,,,,,,,,,,,,306.83612280152056,2024
,,,,,,,,,,,,,,,,,,,,,,,,,,,,,,,,,,,,307.3190194637812,2543
,,,,,,,,,,,,,,,,,,,,,,,,,,,,,,,,,,,,307.7812575179541,2149
,,,,,,,,,,,,,,,,,,,,,,,,,,,,,,,,,,,,307.9208334790535,2597
,,,,,,,,,,,,,,,,,,,,,,,,,,,,,,,,,,,,308.36985594420963,2378
,,,,,,,,,,,,,,,,,,,,,,,,,,,,,,,,,,,,308.90269007897166,2113
,,,,,,,,,,,,,,,,,,,,,,,,,,,,,,,,,,,,309.6306440205068,2337
,,,,,,,,,,,,,,,,,,,,,,,,,,,,,,,,,,,,309.9109265200852,2646
,,,,,,,,,,,,,,,,,,,,,,,,,,,,,,,,,,,,310.0966160176389,2403
,,,,,,,,,,,,,,,,,,,,,,,,,,,,,,,,,,,,310.3091142817422,2077
,,,,,,,,,,,,,,,,,,,,,,,,,,,,,,,,,,,,310.5632495123015,2243
,,,,,,,,,,,,,,,,,,,,,,,,,,,,,,,,,,,,311.4711789878697,2568
,,,,,,,,,,,,,,,,,,,,,,,,,,,,,,,,,,,,311.7893340294146,2194
,,,,,,,,,,,,,,,,,,,,,,,,,,,,,,,,,,,,311.96366865671246,2650
,,,,,,,,,,,,,,,,,,,,,,,,,,,,,,,,,,,,312.0601491452791,2208
,,,,,,,,,,,,,,,,,,,,,,,,,,,,,,,,,,,,312.77562005741083,2564
,,,,,,,,,,,,,,,,,,,,,,,,,,,,,,,,,,,,313.2269724868692,2588
,,,,,,,,,,,,,,,,,,,,,,,,,,,,,,,,,,,,313.2370897700084,1938
,,,,,,,,,,,,,,,,,,,,,,,,,,,,,,,,,,,,313.5300883715636,2539
,,,,,,,,,,,,,,,,,,,,,,,,,,,,,,,,,,,,313.95904499966827,2100
,,,,,,,,,,,,,,,,,,,,,,,,,,,,,,,,,,,,314.5156377371393,2582
,,,,,,,,,,,,,,,,,,,,,,,,,,,,,,,,,,,,314.62033408560313,2096
,,,,,,,,,,,,,,,,,,,,,,,,,,,,,,,,,,,,314.6918203848734,2632
,,,,,,,,,,,,,,,,,,,,,,,,,,,,,,,,,,,,314.8716838098236,2223
,,,,,,,,,,,,,,,,,,,,,,,,,,,,,,,,,,,,315.2589838145491,2172
,,,,,,,,,,,,,,,,,,,,,,,,,,,,,,,,,,,,317.1615555399543,2210
,,,,,,,,,,,,,,,,,,,,,,,,,,,,,,,,,,,,317.4559647618592,2005
,,,,,,,,,,,,,,,,,,,,,,,,,,,,,,,,,,,,318.2944243330262,2253
,,,,,,,,,,,,,,,,,,,,,,,,,,,,,,,,,,,,318.6627165603319,2043
,,,,,,,,,,,,,,,,,,,,,,,,,,,,,,,,,,,,318.8706533046582,2201
,,,,,,,,,,,,,,,,,,,,,,,,,,,,,,,,,,,,319.02835646043604,2118
,,,,,,,,,,,,,,,,,,,,,,,,,,,,,,,,,,,,319.4226429196692,2453
,,,,,,,,,,,,,,,,,,,,,,,,,,,,,,,,,,,,319.6933077531417,2428
,,,,,,,,,,,,,,,,,,,,,,,,,,,,,,,,,,,,320.10483175345234,2612
,,,,,,,,,,,,,,,,,,,,,,,,,,,,,,,,,,,,320.20844276620727,2190
,,,,,,,,,,,,,,,,,,,,,,,,,,,,,,,,,,,,320.6508000860936,2661
,,,,,,,,,,,,,,,,,,,,,,,,,,,,,,,,,,,,320.9655613642141,1887
,,,,,,,,,,,,,,,,,,,,,,,,,,,,,,,,,,,,321.7234167780854,1939
,,,,,,,,,,,,,,,,,,,,,,,,,,,,,,,,,,,,322.0886040673653,2581
,,,,,,,,,,,,,,,,,,,,,,,,,,,,,,,,,,,,322.3767577526043,2545
,,,,,,,,,,,,,,,,,,,,,,,,,,,,,,,,,,,,322.92373345736,2306
,,,,,,,,,,,,,,,,,,,,,,,,,,,,,,,,,,,,323.07636824362373,2420
,,,,,,,,,,,,,,,,,,,,,,,,,,,,,,,,,,,,323.2055974311603,2560
,,,,,,,,,,,,,,,,,,,,,,,,,,,,,,,,,,,,323.522946562092,2655
,,,,,,,,,,,,,,,,,,,,,,,,,,,,,,,,,,,,324.15418014076846,2150
,,,,,,,,,,,,,,,,,,,,,,,,,,,,,,,,,,,,324.2439198608496,1937
,,,,,,,,,,,,,,,,,,,,,,,,,,,,,,,,,,,,324.4722987216292,2061
,,,,,,,,,,,,,,,,,,,,,,,,,,,,,,,,,,,,324.4840612870945,2217
,,,,,,,,,,,,,,,,,,,,,,,,,,,,,,,,,,,,324.6200891739005,2605
,,,,,,,,,,,,,,,,,,,,,,,,,,,,,,,,,,,,324.99561309506566,2209
,,,,,,,,,,,,,,,,,,,,,,,,,,,,,,,,,,,,325.5977381268745,2216
,,,,,,,,,,,,,,,,,,,,,,,,,,,,,,,,,,,,326.6431788260696,2266
,,,,,,,,,,,,,,,,,,,,,,,,,,,,,,,,,,,,326.72053237725623,1932
,,,,,,,,,,,,,,,,,,,,,,,,,,,,,,,,,,,,326.8754047257056,2654
,,,,,,,,,,,,,,,,,,,,,,,,,,,,,,,,,,,,327.89714833237787,2445
,,,,,,,,,,,,,,,,,,,,,,,,,,,,,,,,,,,,327.96692717411975,2625
,,,,,,,,,,,,,,,,,,,,,,,,,,,,,,,,,,,,328.3401258236607,2302
,,,,,,,,,,,,,,,,,,,,,,,,,,,,,,,,,,,,328.677279207046,2430
,,,,,,,,,,,,,,,,,,,,,,,,,,,,,,,,,,,,328.73806179116286,2233
,,,,,,,,,,,,,,,,,,,,,,,,,,,,,,,,,,,,329.04119605831846,1962
,,,,,,,,,,,,,,,,,,,,,,,,,,,,,,,,,,,,329.05032544482543,2569
,,,,,,,,,,,,,,,,,,,,,,,,,,,,,,,,,,,,330.146864924637,2653
,,,,,,,,,,,,,,,,,,,,,,,,,,,,,,,,,,,,330.3754941902438,2097
,,,,,,,,,,,,,,,,,,,,,,,,,,,,,,,,,,,,331.04025977079414,2212
,,,,,,,,,,,,,,,,,,,,,,,,,,,,,,,,,,,,332.4921078432058,2263
,,,,,,,,,,,,,,,,,,,,,,,,,,,,,,,,,,,,332.84340811481286,2652
,,,,,,,,,,,,,,,,,,,,,,,,,,,,,,,,,,,,333.0834042500299,2402
,,,,,,,,,,,,,,,,,,,,,,,,,,,,,,,,,,,,333.1880151122793,2239
,,,,,,,,,,,,,,,,,,,,,,,,,,,,,,,,,,,,333.2696994857764,2312
,,,,,,,,,,,,,,,,,,,,,,,,,,,,,,,,,,,,333.3582385173187,2503
,,,,,,,,,,,,,,,,,,,,,,,,,,,,,,,,,,,,333.3866957198464,2516
,,,,,,,,,,,,,,,,,,,,,,,,,,,,,,,,,,,,333.6529949326928,2227
,,,,,,,,,,,,,,,,,,,,,,,,,,,,,,,,,,,,334.4210422958565,1928
,,,,,,,,,,,,,,,,,,,,,,,,,,,,,,,,,,,,334.66657455677426,2634
,,,,,,,,,,,,,,,,,,,,,,,,,,,,,,,,,,,,335.07486315829755,1943
,,,,,,,,,,,,,,,,,,,,,,,,,,,,,,,,,,,,335.1783464152325,2658
,,,,,,,,,,,,,,,,,,,,,,,,,,,,,,,,,,,,335.33173051455003,2490
,,,,,,,,,,,,,,,,,,,,,,,,,,,,,,,,,,,,335.5737451866323,2294
,,,,,,,,,,,,,,,,,,,,,,,,,,,,,,,,,,,,335.6212827925017,2531
,,,,,,,,,,,,,,,,,,,,,,,,,,,,,,,,,,,,335.94205155882537,2549
,,,,,,,,,,,,,,,,,,,,,,,,,,,,,,,,,,,,335.94672900700795,2336
,,,,,,,,,,,,,,,,,,,,,,,,,,,,,,,,,,,,336.05462058612983,2346
,,,,,,,,,,,,,,,,,,,,,,,,,,,,,,,,,,,,336.49010908041896,2405
,,,,,,,,,,,,,,,,,,,,,,,,,,,,,,,,,,,,336.98114666768976,2134
,,,,,,,,,,,,,,,,,,,,,,,,,,,,,,,,,,,,337.55353809353335,2409
,,,,,,,,,,,,,,,,,,,,,,,,,,,,,,,,,,,,337.7042645081465,2139
,,,,,,,,,,,,,,,,,,,,,,,,,,,,,,,,,,,,338.0712850377652,2667
,,,,,,,,,,,,,,,,,,,,,,,,,,,,,,,,,,,,338.1686281831341,2392
,,,,,,,,,,,,,,,,,,,,,,,,,,,,,,,,,,,,338.5866376474764,2368
,,,,,,,,,,,,,,,,,,,,,,,,,,,,,,,,,,,,338.6521896991417,2596
,,,,,,,,,,,,,,,,,,,,,,,,,,,,,,,,,,,,339.5524577408283,2322
,,,,,,,,,,,,,,,,,,,,,,,,,,,,,,,,,,,,339.8110344389245,2640
,,,,,,,,,,,,,,,,,,,,,,,,,,,,,,,,,,,,339.947515268837,2499
,,,,,,,,,,,,,,,,,,,,,,,,,,,,,,,,,,,,340.0473883584464,1988
,,,,,,,,,,,,,,,,,,,,,,,,,,,,,,,,,,,,340.5689889844556,2162
,,,,,,,,,,,,,,,,,,,,,,,,,,,,,,,,,,,,341.4978603765599,2629
,,,,,,,,,,,,,,,,,,,,,,,,,,,,,,,,,,,,341.99788332390364,1955
,,,,,,,,,,,,,,,,,,,,,,,,,,,,,,,,,,,,342.16185968200296,2413
,,,,,,,,,,,,,,,,,,,,,,,,,,,,,,,,,,,,342.21725142199466,2431
,,,,,,,,,,,,,,,,,,,,,,,,,,,,,,,,,,,,342.39404872049744,2465
,,,,,,,,,,,,,,,,,,,,,,,,,,,,,,,,,,,,342.7378986554468,2072
,,,,,,,,,,,,,,,,,,,,,,,,,,,,,,,,,,,,342.84453467137365,2124
,,,,,,,,,,,,,,,,,,,,,,,,,,,,,,,,,,,,343.4858609812656,2307
,,,,,,,,,,,,,,,,,,,,,,,,,,,,,,,,,,,,345.0723346315915,2095
,,,,,,,,,,,,,,,,,,,,,,,,,,,,,,,,,,,,345.12515965992867,2116
,,,,,,,,,,,,,,,,,,,,,,,,,,,,,,,,,,,,345.386609952585,2106
,,,,,,,,,,,,,,,,,,,,,,,,,,,,,,,,,,,,345.5360525498041,2660
,,,,,,,,,,,,,,,,,,,,,,,,,,,,,,,,,,,,345.7205390558887,1957
,,,,,,,,,,,,,,,,,,,,,,,,,,,,,,,,,,,,346.10614941639983,2423
,,,,,,,,,,,,,,,,,,,,,,,,,,,,,,,,,,,,346.1372163057869,2325
,,,,,,,,,,,,,,,,,,,,,,,,,,,,,,,,,,,,346.236500764132,2426
,,,,,,,,,,,,,,,,,,,,,,,,,,,,,,,,,,,,346.692577457885,2425
,,,,,,,,,,,,,,,,,,,,,,,,,,,,,,,,,,,,346.9511393415047,2204
,,,,,,,,,,,,,,,,,,,,,,,,,,,,,,,,,,,,347.0621983329476,2088
,,,,,,,,,,,,,,,,,,,,,,,,,,,,,,,,,,,,347.49485635946513,2412
,,,,,,,,,,,,,,,,,,,,,,,,,,,,,,,,,,,,348.5549657701234,2663
,,,,,,,,,,,,,,,,,,,,,,,,,,,,,,,,,,,,348.88168573662216,2448
,,,,,,,,,,,,,,,,,,,,,,,,,,,,,,,,,,,,349.08053392050107,2644
,,,,,,,,,,,,,,,,,,,,,,,,,,,,,,,,,,,,351.7547612593545,2230
,,,,,,,,,,,,,,,,,,,,,,,,,,,,,,,,,,,,351.8508565602665,2034
,,,,,,,,,,,,,,,,,,,,,,,,,,,,,,,,,,,,352.0096820731813,2565
,,,,,,,,,,,,,,,,,,,,,,,,,,,,,,,,,,,,352.17262990476576,2221
,,,,,,,,,,,,,,,,,,,,,,,,,,,,,,,,,,,,352.44712051058195,2062
,,,,,,,,,,,,,,,,,,,,,,,,,,,,,,,,,,,,352.7503985814826,2407
,,,,,,,,,,,,,,,,,,,,,,,,,,,,,,,,,,,,353.2828061211142,2333
,,,,,,,,,,,,,,,,,,,,,,,,,,,,,,,,,,,,354.15731645670814,2535
,,,,,,,,,,,,,,,,,,,,,,,,,,,,,,,,,,,,355.0608761445017,2491
,,,,,,,,,,,,,,,,,,,,,,,,,,,,,,,,,,,,355.3652686723685,2170
,,,,,,,,,,,,,,,,,,,,,,,,,,,,,,,,,,,,355.5139289213377,2393
,,,,,,,,,,,,,,,,,,,,,,,,,,,,,,,,,,,,355.54958230439945,2573
,,,,,,,,,,,,,,,,,,,,,,,,,,,,,,,,,,,,355.90100165633794,2583
,,,,,,,,,,,,,,,,,,,,,,,,,,,,,,,,,,,,356.05039281751334,2021
,,,,,,,,,,,,,,,,,,,,,,,,,,,,,,,,,,,,356.1876676471673,2607
,,,,,,,,,,,,,,,,,,,,,,,,,,,,,,,,,,,,356.2669017694309,2125
,,,,,,,,,,,,,,,,,,,,,,,,,,,,,,,,,,,,356.6477606146894,2610
,,,,,,,,,,,,,,,,,,,,,,,,,,,,,,,,,,,,356.9761644608498,1901
,,,,,,,,,,,,,,,,,,,,,,,,,,,,,,,,,,,,357.3806507521663,1974
,,,,,,,,,,,,,,,,,,,,,,,,,,,,,,,,,,,,357.71576895481235,1967
,,,,,,,,,,,,,,,,,,,,,,,,,,,,,,,,,,,,358.3203226312349,2367
,,,,,,,,,,,,,,,,,,,,,,,,,,,,,,,,,,,,359.72394533848586,2123
,,,,,,,,,,,,,,,,,,,,,,,,,,,,,,,,,,,,360.1067581437219,1970
,,,,,,,,,,,,,,,,,,,,,,,,,,,,,,,,,,,,361.1545579058605,2559
,,,,,,,,,,,,,,,,,,,,,,,,,,,,,,,,,,,,361.54054194683215,2354
,,,,,,,,,,,,,,,,,,,,,,,,,,,,,,,,,,,,362.44574230150033,2202
,,,,,,,,,,,,,,,,,,,,,,,,,,,,,,,,,,,,362.4900824441252,2671
,,,,,,,,,,,,,,,,,,,,,,,,,,,,,,,,,,,,362.68712236243925,2214
,,,,,,,,,,,,,,,,,,,,,,,,,,,,,,,,,,,,363.3582365501981,2144
,,,,,,,,,,,,,,,,,,,,,,,,,,,,,,,,,,,,363.9968630198144,1945
,,,,,,,,,,,,,,,,,,,,,,,,,,,,,,,,,,,,364.41170081125455,2334
,,,,,,,,,,,,,,,,,,,,,,,,,,,,,,,,,,,,364.4850481272164,2575
,,,,,,,,,,,,,,,,,,,,,,,,,,,,,,,,,,,,364.8684576893095,2020
,,,,,,,,,,,,,,,,,,,,,,,,,,,,,,,,,,,,365.5640699391291,2670
,,,,,,,,,,,,,,,,,,,,,,,,,,,,,,,,,,,,366.36857844220447,2215
,,,,,,,,,,,,,,,,,,,,,,,,,,,,,,,,,,,,366.6555336452178,1931
,,,,,,,,,,,,,,,,,,,,,,,,,,,,,,,,,,,,367.4081930403509,2411
,,,,,,,,,,,,,,,,,,,,,,,,,,,,,,,,,,,,368.6893442856935,2427
,,,,,,,,,,,,,,,,,,,,,,,,,,,,,,,,,,,,369.4094932339115,2046
,,,,,,,,,,,,,,,,,,,,,,,,,,,,,,,,,,,,370.07380227469264,2546
,,,,,,,,,,,,,,,,,,,,,,,,,,,,,,,,,,,,370.1123285039178,2577
,,,,,,,,,,,,,,,,,,,,,,,,,,,,,,,,,,,,370.3099046276078,2493
,,,,,,,,,,,,,,,,,,,,,,,,,,,,,,,,,,,,370.5192551633891,2250
,,,,,,,,,,,,,,,,,,,,,,,,,,,,,,,,,,,,370.95916548723625,2529
,,,,,,,,,,,,,,,,,,,,,,,,,,,,,,,,,,,,371.96153163991096,2627
,,,,,,,,,,,,,,,,,,,,,,,,,,,,,,,,,,,,373.1617235167707,2492
,,,,,,,,,,,,,,,,,,,,,,,,,,,,,,,,,,,,373.2907292864093,2037
,,,,,,,,,,,,,,,,,,,,,,,,,,,,,,,,,,,,373.6750675222781,2039
,,,,,,,,,,,,,,,,,,,,,,,,,,,,,,,,,,,,374.7332353506496,2432
,,,,,,,,,,,,,,,,,,,,,,,,,,,,,,,,,,,,375.923373456832,1935
,,,,,,,,,,,,,,,,,,,,,,,,,,,,,,,,,,,,376.20997381423007,2280
,,,,,,,,,,,,,,,,,,,,,,,,,,,,,,,,,,,,377.2430748551599,2314
,,,,,,,,,,,,,,,,,,,,,,,,,,,,,,,,,,,,377.3139564319014,2240
,,,,,,,,,,,,,,,,,,,,,,,,,,,,,,,,,,,,377.4628997886583,2031
,,,,,,,,,,,,,,,,,,,,,,,,,,,,,,,,,,,,378.2515875916116,2332
,,,,,,,,,,,,,,,,,,,,,,,,,,,,,,,,,,,,379.67028626358814,2441
,,,,,,,,,,,,,,,,,,,,,,,,,,,,,,,,,,,,382.2029907143319,2044
,,,,,,,,,,,,,,,,,,,,,,,,,,,,,,,,,,,,383.4485678141723,2524
,,,,,,,,,,,,,,,,,,,,,,,,,,,,,,,,,,,,384.29312905497176,2195
,,,,,,,,,,,,,,,,,,,,,,,,,,,,,,,,,,,,385.8314509095293,2324
,,,,,,,,,,,,,,,,,,,,,,,,,,,,,,,,,,,,386.1380095859995,1926
,,,,,,,,,,,,,,,,,,,,,,,,,,,,,,,,,,,,386.82649275034726,2213
,,,,,,,,,,,,,,,,,,,,,,,,,,,,,,,,,,,,387.5783643619723,1929
,,,,,,,,,,,,,,,,,,,,,,,,,,,,,,,,,,,,388.19558804203183,2424
,,,,,,,,,,,,,,,,,,,,,,,,,,,,,,,,,,,,389.2377113345504,2485
,,,,,,,,,,,,,,,,,,,,,,,,,,,,,,,,,,,,390.4408428089969,2451
,,,,,,,,,,,,,,,,,,,,,,,,,,,,,,,,,,,,392.18647044507895,2678
,,,,,,,,,,,,,,,,,,,,,,,,,,,,,,,,,,,,392.33125806929,2616
,,,,,,,,,,,,,,,,,,,,,,,,,,,,,,,,,,,,392.3698034202166,2316
,,,,,,,,,,,,,,,,,,,,,,,,,,,,,,,,,,,,393.0349557369639,2584
,,,,,,,,,,,,,,,,,,,,,,,,,,,,,,,,,,,,393.1458402490243,2245
,,,,,,,,,,,,,,,,,,,,,,,,,,,,,,,,,,,,394.1863997492515,2484
,,,,,,,,,,,,,,,,,,,,,,,,,,,,,,,,,,,,395.7316757296082,2668
,,,,,,,,,,,,,,,,,,,,,,,,,,,,,,,,,,,,395.867327588814,1950
,,,,,,,,,,,,,,,,,,,,,,,,,,,,,,,,,,,,397.48783727461176,2433
,,,,,,,,,,,,,,,,,,,,,,,,,,,,,,,,,,,,398.7867649774682,2579
,,,,,,,,,,,,,,,,,,,,,,,,,,,,,,,,,,,,401.08360767974114,2408
,,,,,,,,,,,,,,,,,,,,,,,,,,,,,,,,,,,,402.25541776139687,2232
,,,,,,,,,,,,,,,,,,,,,,,,,,,,,,,,,,,,403.4099111291598,2120
,,,,,,,,,,,,,,,,,,,,,,,,,,,,,,,,,,,,404.0397480069229,2305
,,,,,,,,,,,,,,,,,,,,,,,,,,,,,,,,,,,,405.3997704284664,2135
,,,,,,,,,,,,,,,,,,,,,,,,,,,,,,,,,,,,408.5789787997636,2628
,,,,,,,,,,,,,,,,,,,,,,,,,,,,,,,,,,,,409.4781054459304,2247
,,,,,,,,,,,,,,,,,,,,,,,,,,,,,,,,,,,,409.8987935764271,2536
,,,,,,,,,,,,,,,,,,,,,,,,,,,,,,,,,,,,409.92998704020977,1912
,,,,,,,,,,,,,,,,,,,,,,,,,,,,,,,,,,,,411.6816978014645,2665
,,,,,,,,,,,,,,,,,,,,,,,,,,,,,,,,,,,,415.038216937123,2225
,,,,,,,,,,,,,,,,,,,,,,,,,,,,,,,,,,,,420.01070552816594,2558
,,,,,,,,,,,,,,,,,,,,,,,,,,,,,,,,,,,,422.74781964885614,2534
,,,,,,,,,,,,,,,,,,,,,,,,,,,,,,,,,,,,423.4166429654288,2572
,,,,,,,,,,,,,,,,,,,,,,,,,,,,,,,,,,,,424.65760929632125,2537
,,,,,,,,,,,,,,,,,,,,,,,,,,,,,,,,,,,,424.8843558796762,2578
,,,,,,,,,,,,,,,,,,,,,,,,,,,,,,,,,,,,425.7846024693443,2603
,,,,,,,,,,,,,,,,,,,,,,,,,,,,,,,,,,,,425.91963335346526,2304
,,,,,,,,,,,,,,,,,,,,,,,,,,,,,,,,,,,,426.6489615378879,1973
,,,,,,,,,,,,,,,,,,,,,,,,,,,,,,,,,,,,427.9786869196843,2255
,,,,,,,,,,,,,,,,,,,,,,,,,,,,,,,,,,,,428.4922829259373,1927
,,,,,,,,,,,,,,,,,,,,,,,,,,,,,,,,,,,,429.3139816138117,2487
,,,,,,,,,,,,,,,,,,,,,,,,,,,,,,,,,,,,430.19085688741126,2630
,,,,,,,,,,,,,,,,,,,,,,,,,,,,,,,,,,,,431.3488769626312,2126
,,,,,,,,,,,,,,,,,,,,,,,,,,,,,,,,,,,,434.0900566714228,2022
,,,,,,,,,,,,,,,,,,,,,,,,,,,,,,,,,,,,439.4118359010639,2438
,,,,,,,,,,,,,,,,,,,,,,,,,,,,,,,,,,,,440.4652206499724,2571
,,,,,,,,,,,,,,,,,,,,,,,,,,,,,,,,,,,,446.4747522543377,1975
,,,,,,,,,,,,,,,,,,,,,,,,,,,,,,,,,,,,447.491928369406,2207
,,,,,,,,,,,,,,,,,,,,,,,,,,,,,,,,,,,,449.537105854912,2440
,,,,,,,,,,,,,,,,,,,,,,,,,,,,,,,,,,,,451.306672769282,2019
,,,,,,,,,,,,,,,,,,,,,,,,,,,,,,,,,,,,452.1747013909359,2018
,,,,,,,,,,,,,,,,,,,,,,,,,,,,,,,,,,,,453.6565050893541,2027
,,,,,,,,,,,,,,,,,,,,,,,,,,,,,,,,,,,,456.4662462187867,2220
,,,,,,,,,,,,,,,,,,,,,,,,,,,,,,,,,,,,457.6830239113188,2242
,,,,,,,,,,,,,,,,,,,,,,,,,,,,,,,,,,,,458.2782620133712,2417
,,,,,,,,,,,,,,,,,,,,,,,,,,,,,,,,,,,,459.93238235157247,2105
,,,,,,,,,,,,,,,,,,,,,,,,,,,,,,,,,,,,460.2827068305938,2219
,,,,,,,,,,,,,,,,,,,,,,,,,,,,,,,,,,,,470.55854785872623,2528
,,,,,,,,,,,,,,,,,,,,,,,,,,,,,,,,,,,,472.3898406928284,2130
,,,,,,,,,,,,,,,,,,,,,,,,,,,,,,,,,,,,473.4754833082332,2576
,,,,,,,,,,,,,,,,,,,,,,,,,,,,,,,,,,,,473.95110312333327,2206
,,,,,,,,,,,,,,,,,,,,,,,,,,,,,,,,,,,,474.2865771755914,2026
,,,,,,,,,,,,,,,,,,,,,,,,,,,,,,,,,,,,474.4329192492348,2521
,,,,,,,,,,,,,,,,,,,,,,,,,,,,,,,,,,,,475.2773706484202,2429
,,,,,,,,,,,,,,,,,,,,,,,,,,,,,,,,,,,,475.6264083223503,2494
,,,,,,,,,,,,,,,,,,,,,,,,,,,,,,,,,,,,476.6678065467262,2203
,,,,,,,,,,,,,,,,,,,,,,,,,,,,,,,,,,,,477.6468258230617,2119
,,,,,,,,,,,,,,,,,,,,,,,,,,,,,,,,,,,,481.71622681495,2251
,,,,,,,,,,,,,,,,,,,,,,,,,,,,,,,,,,,,488.7274071571011,2418
,,,,,,,,,,,,,,,,,,,,,,,,,,,,,,,,,,,,494.28614246267983,1951
,,,,,,,,,,,,,,,,,,,,,,,,,,,,,,,,,,,,494.6412865133914,2618
,,,,,,,,,,,,,,,,,,,,,,,,,,,,,,,,,,,,495.2091692212225,2311
,,,,,,,,,,,,,,,,,,,,,,,,,,,,,,,,,,,,496.5810664725017,2662
,,,,,,,,,,,,,,,,,,,,,,,,,,,,,,,,,,,,498.0889785575717,2481
,,,,,,,,,,,,,,,,,,,,,,,,,,,,,,,,,,,,498.4198840074863,2676
,,,,,,,,,,,,,,,,,,,,,,,,,,,,,,,,,,,,498.97319453145445,2115
,,,,,,,,,,,,,,,,,,,,,,,,,,,,,,,,,,,,500.6033639544,1949
,,,,,,,,,,,,,,,,,,,,,,,,,,,,,,,,,,,,501.2273543032503,1923
,,,,,,,,,,,,,,,,,,,,,,,,,,,,,,,,,,,,502.8926592522707,2241
,,,,,,,,,,,,,,,,,,,,,,,,,,,,,,,,,,,,505.98836259035295,2401
,,,,,,,,,,,,,,,,,,,,,,,,,,,,,,,,,,,,517.2236370309961,2004
,,,,,,,,,,,,,,,,,,,,,,,,,,,,,,,,,,,,528.6339820059312,2122
,,,,,,,,,,,,,,,,,,,,,,,,,,,,,,,,,,,,528.6760294243011,2666
,,,,,,,,,,,,,,,,,,,,,,,,,,,,,,,,,,,,530.0110323139043,2669
,,,,,,,,,,,,,,,,,,,,,,,,,,,,,,,,,,,,533.3617587438753,2483
,,,,,,,,,,,,,,,,,,,,,,,,,,,,,,,,,,,,537.7811904800113,2211
,,,,,,,,,,,,,,,,,,,,,,,,,,,,,,,,,,,,544.0074590514931,2404
,,,,,,,,,,,,,,,,,,,,,,,,,,,,,,,,,,,,546.2279893938414,2321
,,,,,,,,,,,,,,,,,,,,,,,,,,,,,,,,,,,,548.2834074219539,2136
,,,,,,,,,,,,,,,,,,,,,,,,,,,,,,,,,,,,552.449139464341,2016
,,,,,,,,,,,,,,,,,,,,,,,,,,,,,,,,,,,,557.8164832667438,2254
,,,,,,,,,,,,,,,,,,,,,,,,,,,,,,,,,,,,577.0930891524387,2527
,,,,,,,,,,,,,,,,,,,,,,,,,,,,,,,,,,,,577.5805562030196,2035
,,,,,,,,,,,,,,,,,,,,,,,,,,,,,,,,,,,,587.6497487057675,2318
,,,,,,,,,,,,,,,,,,,,,,,,,,,,,,,,,,,,591.1933814701516,2608
,,,,,,,,,,,,,,,,,,,,,,,,,,,,,,,,,,,,597.8965943391131,2101
,,,,,,,,,,,,,,,,,,,,,,,,,,,,,,,,,,,,600.4900590773411,2244
,,,,,,,,,,,,,,,,,,,,,,,,,,,,,,,,,,,,601.6148038326015,2229
,,,,,,,,,,,,,,,,,,,,,,,,,,,,,,,,,,,,611.8225195036696,1953
,,,,,,,,,,,,,,,,,,,,,,,,,,,,,,,,,,,,621.8949236203786,2192
,,,,,,,,,,,,,,,,,,,,,,,,,,,,,,,,,,,,639.1840865238378,2114
,,,,,,,,,,,,,,,,,,,,,,,,,,,,,,,,,,,,646.7041224384622,1924
,,,,,,,,,,,,,,,,,,,,,,,,,,,,,,,,,,,,649.7227211443712,1930
,,,,,,,,,,,,,,,,,,,,,,,,,,,,,,,,,,,,659.398490189232,2449
,,,,,,,,,,,,,,,,,,,,,,,,,,,,,,,,,,,,660.4378528751045,2439
,,,,,,,,,,,,,,,,,,,,,,,,,,,,,,,,,,,,660.6945050138253,2482
,,,,,,,,,,,,,,,,,,,,,,,,,,,,,,,,,,,,669.8104134201435,2015
,,,,,,,,,,,,,,,,,,,,,,,,,,,,,,,,,,,,673.1886728491781,1933
,,,,,,,,,,,,,,,,,,,,,,,,,,,,,,,,,,,,677.2682754017961,2615
,,,,,,,,,,,,,,,,,,,,,,,,,,,,,,,,,,,,683.9643639757497,2036
,,,,,,,,,,,,,,,,,,,,,,,,,,,,,,,,,,,,685.8058919622563,2609
,,,,,,,,,,,,,,,,,,,,,,,,,,,,,,,,,,,,693.7729657901135,2038
,,,,,,,,,,,,,,,,,,,,,,,,,,,,,,,,,,,,694.1695785090792,2310
,,,,,,,,,,,,,,,,,,,,,,,,,,,,,,,,,,,,712.6624529706072,1947
,,,,,,,,,,,,,,,,,,,,,,,,,,,,,,,,,,,,714.703149854535,1956
,,,,,,,,,,,,,,,,,,,,,,,,,,,,,,,,,,,,723.6041168846185,2112
,,,,,,,,,,,,,,,,,,,,,,,,,,,,,,,,,,,,726.9932245441989,2231
,,,,,,,,,,,,,,,,,,,,,,,,,,,,,,,,,,,,756.5050362229601,2226
,,,,,,,,,,,,,,,,,,,,,,,,,,,,,,,,,,,,768.8308579685536,2323
,,,,,,,,,,,,,,,,,,,,,,,,,,,,,,,,,,,,769.2778164068825,1971
,,,,,,,,,,,,,,,,,,,,,,,,,,,,,,,,,,,,778.5194239472175,2030
,,,,,,,,,,,,,,,,,,,,,,,,,,,,,,,,,,,,782.5208108546573,1961
,,,,,,,,,,,,,,,,,,,,,,,,,,,,,,,,,,,,789.6067275213092,2679
,,,,,,,,,,,,,,,,,,,,,,,,,,,,,,,,,,,,804.7691812531885,1942
,,,,,,,,,,,,,,,,,,,,,,,,,,,,,,,,,,,,836.3821089214504,1952
,,,,,,,,,,,,,,,,,,,,,,,,,,,,,,,,,,,,855.7409808098133,2452
,,,,,,,,,,,,,,,,,,,,,,,,,,,,,,,,,,,,863.1446823420091,2613
,,,,,,,,,,,,,,,,,,,,,,,,,,,,,,,,,,,,877.7048136108918,2677
,,,,,,,,,,,,,,,,,,,,,,,,,,,,,,,,,,,,894.0910104948513,2045
,,,,,,,,,,,,,,,,,,,,,,,,,,,,,,,,,,,,907.4871691047988,1948
,,,,,,,,,,,,,,,,,,,,,,,,,,,,,,,,,,,,945.8881251664054,2228
,,,,,,,,,,,,,,,,,,,,,,,,,,,,,,,,,,,,952.4389701639634,2450
,,,,,,,,,,,,,,,,,,,,,,,,,,,,,,,,,,,,1030.6267486745055,1964
,,,,,,,,,,,,,,,,,,,,,,,,,,,,,,,,,,,,1044.6915529250596,2434
,,,,,,,,,,,,,,,,,,,,,,,,,,,,,,,,,,,,1094.8499452106853,2127
,,,,,,,,,,,,,,,,,,,,,,,,,,,,,,,,,,,,1213.8780485844395,1972
,,,,,,,,,,,,,,,,,,,,,,,,,,,,,,,,,,,,1218.132330678921,2489
,,,,,,,,,,,,,,,,,,,,,,,,,,,,,,,,,,,,1225.8923330089651,2319
,,,,,,,,,,,,,,,,,,,,,,,,,,,,,,,,,,,,1277.339510445526,2205
,,,,,,,,,,,,,,,,,,,,,,,,,,,,,,,,,,,,1362.9275652896872,1958
,,,,,,,,,,,,,,,,,,,,,,,,,,,,,,,,,,,,1372.7022431413898,2442
,,,,,,,,,,,,,,,,,,,,,,,,,,,,,,,,,,,,1463.6646226461307,2570
,,,,,,,,,,,,,,,,,,,,,,,,,,,,,,,,,,,,1465.9568807669546,2236
,,,,,,,,,,,,,,,,,,,,,,,,,,,,,,,,,,,,1537.064610892508,2104
,,,,,,,,,,,,,,,,,,,,,,,,,,,,,,,,,,,,1570.6471816309256,2252
,,,,,,,,,,,,,,,,,,,,,,,,,,,,,,,,,,,,1577.5380156986823,2129
,,,,,,,,,,,,,,,,,,,,,,,,,,,,,,,,,,,,1592.8637579877814,2110
,,,,,,,,,,,,,,,,,,,,,,,,,,,,,,,,,,,,1620.7746633498482,1925
,,,,,,,,,,,,,,,,,,,,,,,,,,,,,,,,,,,,2273.868465884933,2664
,,,,,,,,,,,,,,,,,,,,,,,,,,,,,,,,,,,,3139.6733078619177,2673
,,,,,,,,,,,,,,,,,,,,,,,,,,,,,,,,,,,,4084.6150066594655,2102
,,,,,,,,,,,,,,,,,,,,,,,,,,,,,,,,,,,,7280.006257093856,2530
,,,,,,,,,,,,,,,,,,,,,,,,,,,,,,,,,,,,10726.323095464708,2606
,,,,,,,,,,,,,,,,,,,,,,,,,,,,,,,,,,,,368996.7578384484,2320
